OBJECTID,NAME,PMA,PARKSBND_AREA,SHAPE_Length,SHAPE_Area
1,12TH AVE SQUARE PARK,4467,7316.172948,342.909024595341,7316.14368341806
2,14TH AVENUE NW BOAT RAMP,4010,27888.351315,758.646958329287,27888.2397618104
3,17TH AVENUE NE CENTERSTRIP,4160,71950.878767,5902.22716085818,71950.5909663495
4,3001 E MADISON,296,14679.930267,578.56701125626,14679.8715478322
5,48TH AVE SW/SW CHARLESTOWN ST,4590,14467.911693,481.835245865783,14467.8538213485
6,6TH AVENUE NW POCKET PARK,3158,9006.612569,380.913393398784,9006.57654296454
7,8605 35TH AVE NE,654,13710.692277,470.291855160306,13710.6374345917
8,ALASKAN WAY BOULEVARD,4449,95870.357998,1973.94960515201,95869.9745160796
9,ALBERT DAVIS PARK,244,58459.982889,1218.10297149216,58459.7490490486
10,ALICE BALL PARK,4484,18698.81889,597.372429138483,18698.7440943719
11,ALKI BEACH PARK,445,5919768.153795,23763.7161464541,5919744.47474066
12,ALKI PLAYGROUND,446,197688.894591,1956.73264192268,197688.103834839
13,ALVIN LARKINS PARK,3914,28512.234511,717.052488605017,28512.1204620266
14,AMY YEE TENNIS CENTER,426,368391.302528,3613.42437263971,368389.828965199
15,ANDOVER PLACE,2927,8357.088812,681.706715133593,8357.0553837748
16,ARAPAHOE TRIANGLE,1556,1554.166985,201.886363927459,1554.16076844553
17,ARROYO HEIGHTS,485,157202.140195,2404.74207276334,157201.511386245
18,ARROYOS NATURAL AREA,485,150631.075443,3515.74900233715,150630.472919891
19,ATLANTIC CITY BOAT RAMP,4081,278166.660494,2271.83472604983,278165.547829584
20,ATLANTIC STREET PARK,4243,32080.563925,1086.20138897632,32080.4356029498
21,B.F. DAY PLAYGROUND,241,102835.917612,1314.31089188061,102835.50626906
22,BAGLEY VIEWPOINT,4006,6224.079938,353.048202771258,6224.05504219276
23,BAKER PARK ON CROWN HILL,2840,27625.632006,803.685627428149,27625.521503214
24,BALLARD COMMONS PARK,4278,59954.1216,999.60580368534,59953.8817849276
25,BALLARD CORNERS PARK,4428,10004.27147,500.10743440598,10004.2314535198
26,BALLARD PLAYGROUND,497,149391.977301,1755.58856691441,149391.379733445
27,BALLARD SWIMMING POOL,498,36497.723767,765.166868696326,36497.5777771082
28,BANNER WAY TRIANGLES,4073,9610.858802,671.186210373187,9610.82035935914
29,BAR-S PLAYGROUND,3703,184597.559414,1800.11363686455,184596.821023394
30,BAYVIEW PLAYGROUND,303,201447.57257,1854.21213608461,201446.766780577
31,BEACON HILL PLAYGROUND,400,128761.041166,1504.75390840835,128760.526122545
32,BEACON PLACE,3119,10864.567495,473.845440290744,10864.5240370035
33,BEAVER POND NATURAL AREA ON THORNTON CREEK,4481,297351.183297,5949.25820232936,297349.993894541
34,BEER SHEVA PARK,440,254461.746065,2474.21607217385,254460.728217888
35,BELL STREET PARK BOULEVARD,4472,61371.938412,2388.87893869371,61371.6929246459
36,BELLEVUE PLACE,4022,54064.228816,1826.5115738209,54064.0125601586
37,BELLTOWN COMMUNITY CENTER,4485,6473.537402,335.882631308044,6473.51150793164
38,BELLTOWN COTTAGE PARK,4415,7215.513455,360.175245452069,7215.48459227754
39,BELLTOWN P-PATCH,3908,7213.721165,360.156125132875,7213.692309701
40,BELMONT PLACE,346,758.938731,136.683969739163,758.935694837715
41,BELVEDERE PARK,447,72781.940528,1543.1247483689,72781.6494008003
42,BELVOIR PLACE,475,17919.585238,764.85552120069,17919.5135600863
43,BENEFIT PLAYGROUND,436,103198.493651,1389.92748093701,103198.080857616
44,BENVENUTO VIEWPOINT,4245,72483.739678,3829.3704684431,72483.4497438827
45,BERGEN PLACE,253,6891.305541,366.017671790784,6891.27797626474
46,BHY KRACKE PARK,304,66733.001627,1149.27425190466,66732.7346964632
47,BITTER LAKE OPEN SPACE PARK,4450,125374.359188,3668.62759028325,125373.857691961
48,BITTER LAKE PLAYFIELD,288,326006.264822,2295.66636191157,326004.960797982
49,BLAINE PLACE,3907,1353.864884,192.877612833702,1353.85946853018
50,BLAKELEY CRESCENT PARK,4435,15409.743665,1066.56920660987,15409.6820264035
51,BLUE DOG POND,4418,98573.8484,1323.28096581416,98573.4541066933
52,BLUE RIDGE CIRCLE,238,4276.22778,234.89368226201,4276.21067514431
53,BLUE RIDGE PLACES,239,8637.190288,549.371639917241,8637.15573936035
54,BOREN PARK,362,315198.933134,2556.11629653298,315197.672337909
55,BOREN PLACE,3116,1158.578556,171.254550328958,1158.57392153203
56,BOYLSTON PLACE,349,199.708571,71.0695173486158,199.707771837249
57,BRADNER GARDENS PARK,401,68024.512713,1058.91800159044,68024.2406156725
58,BRIGHTON PLAYFIELD,402,535932.998808,3013.07564178062,535930.855079442
59,BROADWAY HILL PARK,4474,11955.956869,439.103397872124,11955.9090448841
60,BRYANT NEIGHBORHOOD PLAYGROUND,482,134787.016142,1634.25811376619,134786.476995501
61,BULLITT LIFE ESTATE,4609,69004.136503,1059.89899920301,69003.8604868768
62,BURKE-GILMAN PLAYGROUND PARK,496,310421.965152,4365.32531209709,310420.723465811
63,BURKE-GILMAN TRAIL,476,3389155.494945,91515.5807690347,3389141.93834537
64,CAL ANDERSON PARK,3102,480828.451237,3204.67808048419,480826.527923686
65,CALIFORNIA PLACE,448,10616.051034,498.963448433051,10616.0085691307
66,CAMP LONG,4154,2375764.710803,6953.79026830079,2375755.20775593
67,CARKEEK PARK,240,7763863.962375,35682.526976835,7763832.90694823
68,CARLETON CENTER,305,3813.374004,253.441711546856,3813.35875044032
69,CARLETON HIGHLANDS,4049,35357.441503,931.919350568842,35357.3000730908
70,CASCADE PLACE,3902,1205.851724,145.417392962324,1205.84690034649
71,CASCADE PLAYGROUND,350,88453.931836,1710.03500589204,88453.5780216345
72,CATHERINE BLAINE JR HS,0,216541.537823,2136.73836626783,216540.671657621
73,CAYTON CORNER PARK,4478,4560.188439,338.482742475602,4560.1701983102
74,CEDAR PARK,4167,92179.059922,1282.89982680274,92178.6912066243
75,CESAR CHAVEZ PARK,4448,7604.621622,392.080911234358,7604.59120342285
76,CHARLES RICHEY SR VIEWPOINT,80,485925.648996,7389.35139112342,485923.705293028
77,CHEASTY BOULEVARD,4214,842551.420862,13927.7195375751,842548.050659121
78,CHEASTY GREENSPACE,258,1743682.468023,20449.2281837163,1743675.49330629
79,CHEASTY GREENSPACE,489,271166.267174,6269.37107877494,271165.182507077
80,CHEASTY GREENSPACE: MT VIEW,269,368048.054828,4699.76646896364,368046.58263725
81,CHINATOWN/ID HUB URBAN VILLAGE,4489,11670.251827,566.822176131198,11670.2051463478
82,CHINOOK BEACH PARK,421,104326.73773,1821.66514740418,104326.320424008
83,CHINOOK PASSAGE NATURAL AREA ON THORNTON CREEK,4620,108667.925032,2708.95620323962,108667.490360839
84,CHRISTIE PARK,595,9973.348762,399.466489946197,9973.3088689103
85,CITY HALL PARK,306,41161.784431,850.396060776243,41161.6197840465
86,CLEVELAND PLAYFIELD,404,112311.408358,1448.08654231178,112310.959111146
87,COE PLAY PARK,3985,7012.701527,341.9667643819,7012.67347637469
88,COLLEGE STREET PARK,3922,18209.345946,629.121834851411,18209.2731094007
89,COLLEGE STREET RAVINE,260,116624.111356,4385.37750045674,116623.644861039
90,COLMAN PARK,405,585621.460486,9204.6833084288,585619.118003589
91,COLMAN PLAYGROUND,406,121974.96758,1441.95209925539,121974.479679758
92,COLUMBIA PARK,4034,113695.5683,1745.3372836353,113695.113517426
93,COMMODORE PARK,308,210117.80818,2892.66361465931,210116.96770842
94,CONDON WAY CENTERSTRIP,4030,23988.474082,2855.07872363216,23988.3781307551
95,CORLISS PLACE,4017,6585.786827,392.808678949853,6585.76048426893
96,CORMORANT COVE,295,85672.473152,1642.70287548795,85672.1304619969
97,COTTAGE GROVE PARK,4462,47775.668994,1036.03763110042,47775.4778915094
98,COUNTERBALANCE PARK,4438,12018.517086,440.318433529256,12018.4690112144
99,COWEN PARK,483,367550.698959,2452.09424714352,367549.228758339
100,CRESCENT PLACE,4018,846.248358,103.138399513489,846.244972845275
101,CROWN HILL GLEN,4070,15706.569184,519.239527272943,15706.5063579138
102,CROWN HILL PARK,4469,74517.436972,1210.22547385018,74517.1389023426
103,DAEJEON PARK,4400,150528.15348,2750.83979667369,150527.551366543
104,DAHL (WALDO J.) PLAYFIELD,499,630359.036816,3248.11148346527,630356.515383929
105,DAKOTA PLACE PARK,575,20438.687524,585.47919735554,20438.6057691017
106,DAVID RODGERS PARK,331,414816.85145,2575.97711216463,414815.192181582
107,DEARBORN PARK,408,312713.683436,3949.09052153343,312712.43258373
108,DELRIDGE AND MYRTLE,4423,130796.483551,1582.64290264419,130795.960367171
109,DELRIDGE PLAYFIELD,450,610313.920117,3586.78403388115,610311.478863978
110,DELRIDGE WETLAND,623,20015.674527,600.165499191519,20015.5944636883
111,DEMONSTRATION GARDEN,3883,23526.583321,622.474381412192,23526.4892149912
112,DENNY BLAINE LAKE PARK,3980,8159.803637,326.180525735669,8159.77099732489
113,DENNY BLAINE PARK,3982,24445.859522,977.471881779492,24445.7617378874
114,DENNY PARK,309,201514.352652,1838.70451393165,201513.546595433
115,DISCOVERY PARK,0,852536.578301,3818.73694712463,852533.168156731
116,DISCOVERY PARK,310,22549978.403008,60728.9824455064,22549888.2031804
117,DISCOVERY PARK,2952,26776.073634,1053.10318149412,26775.9665284781
118,DISCOVERY PARK,4470,393363.129201,18384.6932484013,393361.555742525
119,DISCOVERY PARK,16548,87273.742285,1420.46079088945,87273.3931916176
120,DISCOVERY PARK BOULEVARD,4470,289907.920446,15857.6816627984,289906.760814508
121,DISCOVERY PARK TIDELANDS,2952,13341754.569291,107027.140256302,13341701.2023336
122,DON ARMENI PARK,3917,209010.313459,2495.71784946569,209009.477417255
123,DONNIE CHIN INTERNATIONAL CHILDREN'S PARK,364,9987.897945,443.981270741578,9987.8579931587
124,DR. BLANCHE LAVIZZO PARK,395,89977.788562,2186.37422384158,89977.4286534688
125,DR. JOSE RIZAL PARK,433,416913.09509,2652.36301787555,416911.42743898
126,DUWAMISH HEAD GREENBELT,284,901976.710719,14746.3352231946,901973.10281613
127,DUWAMISH HEAD GREENBELT,451,1150735.659505,23758.9696212375,1150731.05656575
128,DUWAMISH HEAD GREENBELT,454,827544.945853,8734.0457955742,827541.635677065
129,DUWAMISH WATERWAY PARK,705,64710.119692,1352.89224517082,64709.8608507042
130,E.C. HUGHES PLAYGROUND,458,276560.46612,2124.29718517589,276559.359880116
131,EAST DUWAMISH GREENBELT,283,198923.191123,5579.27029955116,198922.395429695
132,EAST DUWAMISH GREENBELT,430,567162.796314,13913.5552416289,567160.527663075
133,EAST DUWAMISH GREENBELT,442,1882234.665996,16825.5429955517,1882227.13707143
134,EAST DUWAMISH GREENBELT,443,820557.834124,17500.8202643204,820554.551891396
135,EAST DUWAMISH GREENBELT,3925,262564.700611,5519.56260103562,262563.650351622
136,EAST DUWAMISH GREENBELT,4046,167559.353495,4637.06970469254,167558.683255719
137,EAST MONTLAKE PARK,374,332149.278077,2582.95448007013,332147.949482517
138,EAST PORTAL VIEWPOINT,4241,315731.798306,2757.63028824266,315730.535380478
139,EAST QUEEN ANNE PLAYGROUND,329,60038.357492,980.336396747347,60038.1173388444
140,EASTMONT PLACE,4012,1485.901959,217.815043971192,1485.89601524794
141,ELLA BAILEY PARK,318,106301.357333,1310.50089984376,106300.93212944
142,EMMA SCHMITZ MEMORIAL OVERLOOK,3920,758109.184544,4317.18136348351,758106.152113077
143,ENDOLYNE PARK,1653,5504.538446,539.559789098676,5504.51642786296
144,ERCOLINI PARK,4454,23499.064591,634.986551703407,23498.9705944312
145,FAIRMOUNT PARK,4410,143964.347201,2152.33880738366,143963.771343621
146,FAIRMOUNT PLAYGROUND,452,229098.317547,1972.94808178369,229097.401155728
147,FAIRVIEW PARK,2975,44896.587301,1530.30677101814,44896.4077150638
148,FAIRVIEW WALKWAY,4155,21729.405651,956.005736128787,21729.3187327996
149,FAUNTLEROY CREEK RAVINE,3149,8367.044213,406.899582591855,8367.01074489577
150,FAUNTLEROY PARK,453,1407974.50671,12651.6631044663,1407968.8748197
151,FAUNTLEROY PLACE,3921,2973.263269,264.104600248491,2973.25137565472
152,FIREHOUSE MINI PARK,351,14507.712417,515.830662850221,14507.6543866547
153,FIRST HILL PARK,3910,9450.978449,400.010912417664,9450.94064496703
154,FLETCHER PLACE,3948,2715.858697,210.294906881079,2715.84783315806
155,FLICKER HAVEN NATURAL AREA ON THORNTON CREEK,4618,359123.686376,2522.53438815055,359122.249883153
156,FLO WARE PARK,363,21521.651769,599.208744125101,21521.5656829251
157,FOSTER ISLAND (WASH. PARK),393,1360732.246546,7465.99378101524,1360726.80362258
158,FRED HUTCHINSON PLAYGROUND,439,190877.596056,1892.02587801564,190876.832543867
159,FREMONT CANAL PARK,4011,29875.484846,4013.38960557216,29875.3653440311
160,FREMONT PEAK PARK,4424,24453.072258,664.550100376799,24452.974445901
161,FRINK PARK,392,734226.483029,6198.7645514235,734223.546127982
162,FRITZ HEDGES WATERWAY PARK,4490,156853.34531,2018.02782696502,156852.717897264
163,FROULA PLAYGROUND,287,115518.346618,2279.31469430808,115517.884544865
164,GARFIELD PLAYFIELD,353,366547.406656,2759.10888972084,366545.940467621
165,GARFIELD PLAYFIELD,3115,5901.832226,311.98338047947,5901.80861831036
166,GARFIELD TEEN LIFE CENTER,4625,9329.271759,521.702196073347,9329.23444167263
167,GAS WORKS PARK,293,930101.62236,4520.71837767844,930097.901955357
168,GEMENSKAP PARK,4619,20645.014893,1006.09225310822,20644.9323135936
169,GENESEE PARK AND PLAYFIELD,409,2512343.762855,12924.859017694,2512333.71348798
170,GEORGETOWN PLAYFIELD,410,230145.849021,2027.97146593034,230144.928438905
171,GEORGETOWN PUMP STATION,635,11717.360773,463.638678693948,11717.3139032358
172,GERBER PARK,3759,7126.962854,453.926714123208,7126.93434684621
173,GILMAN PLAYGROUND,242,170325.786591,1662.75500759313,170325.105288409
174,GOLDEN GARDENS PARK,243,4324217.273724,23356.8125441981,4324199.97686814
175,GRAND ARMY CEMETERY,354,124491.45479,1470.93251340709,124490.956825542
176,GREEN LAKE,307,11150307.09654,16029.2721505723,11150262.4953601
177,GREEN LAKE PARK,307,3765452.649792,33088.7130786392,3765437.58799535
178,GREENWOOD PARK,4408,119167.772147,1414.30890149416,119167.295476497
179,GREENWOOD TRIANGLE,245,4502.904602,353.038650045309,4502.88659079263
180,GREG DAVIS PARK,4157,61105.816569,1105.92652946787,61105.5721437142
181,HALLER LAKE COMMUNITY ST END,4464,15470.693536,635.679098398641,15470.6316534081
182,HAMILTON VIEWPOINT PARK,454,734721.887994,8357.79380555031,734718.949111623
183,HARBOR PATROL,478,77296.44311,1220.71290327381,77296.1339256017
184,HARRISON RIDGE GREENBELT,356,171022.049979,4152.35566238368,171021.365892669
185,HARVARD-MILLER/ROANOKE ANNEX,3695,6401.862845,358.051515834924,6401.83723804313
186,HELENE MADISON POOL,285,183349.750322,1815.44319853729,183349.016922698
187,HERRINGS HOUSE PARK (Tulaltx),4412,663954.927134,5025.85101934108,663952.271318263
188,HIAWATHA PLAYFIELD,456,526307.550461,2904.35504221997,526305.445230205
189,HIGHLAND DRIVE PARKWAY,3983,3331.306692,579.247718677718,3331.29336725654
190,HIGHLAND PARK PLAYGROUND,457,276582.934668,2160.74279891171,276581.828337886
191,HILLMAN P-PATCH,4102,9253.880689,385.642797782356,9253.8436735275
192,HING HAY PARK,358,14403.108011,480.050979858467,14403.0503984767
193,HING HAY PARK ADDITION,358,13322.59072,462.045318843818,13322.5374302104
194,HITTS HILL PARK,4413,137071.562965,2087.47306688286,137071.014679113
195,HOMER HARRIS PARK,4426,21621.382943,600.376709453407,21621.2964568876
196,HOMEWOOD NATURAL AREA ON THORNTON CREEK,4417,42029.490974,1668.20619354182,42029.322856382
197,HORIUCHI PARK,43,12503.340731,568.301454468731,12503.2907168233
198,HORTON HILL CORRIDOR,3927,12973.694187,552.455868371909,12973.642292553
199,HOWELL PARK,359,37586.936716,944.684992874686,37586.7863681042
200,HUBBARD HOMESTEAD PARK,4456,162797.862364,1739.86153067829,162797.211173529
201,HUNTER BOULEVARD,4032,55954.760203,3107.18587190662,55954.5363817216
202,HYDE PLACE,3905,385.128361,95.0095089471238,385.126820607187
203,I-5 COLONNADE,4446,372516.24113,3082.1100044315,372514.751066703
204,I-90 LID: UNNAMED,4432,112825.385332,2784.15185347791,112824.934030341
205,ID/CHINATOWN COMMUNITY CENTER,4437,8637.110501,383.983621350299,8637.07595299268
206,INTERBAY ATHLETIC FIELD,3887,322118.656847,2632.49875205959,322117.368373869
207,INTERBAY GOLF,313,1757332.021535,6541.51469509618,1757324.99221764
208,INTERBAY P-PATCH,4086,83102.742377,1141.18476567935,83102.4099651455
209,INTERLAKEN PARK,3023,2282241.619411,19337.8874750429,2282232.49045304
210,INVERNESS RAVINE PARK,4001,117976.468594,2299.05671097717,117975.996688937
211,JACKSON PARK GOLF COURSE,327,6635258.255657,11770.1286968812,6635231.71464629
212,JEFFERSON PARK,114,1970606.45785,7450.24564419591,1970598.57543358
213,JEFFERSON PARK GOLF COURSE,4153,5257203.117929,15450.3082239696,5257182.08914136
214,JIM ELLIS FREEWAY PARK,312,225457.724466,5515.35251282664,225456.822633929
215,JIMI HENDRIX PARK,3121,100665.047825,1277.66718028591,100664.645164464
216,"JOHN C. LITTLE, SR. PARK",429,250912.305185,3199.47086622408,250911.30153674
217,JUDGE CHARLES M. STOKES OVERLOOK,4244,228350.503207,2859.2245682663,228349.589805314
218,JUDKINS PARK AND PLAYFIELD,397,805950.934556,6805.13753392392,805947.710756909
219,JULIA LEE'S PARK,4627,10880.332422,423.395377738394,10880.2889007563
220,JUNCTION PLAZA PARK,4455,6810.456801,359.087361566682,6810.4295593869
221,KATIE BLACKS GARDEN,3122,28462.987738,727.78855926304,28462.8738855108
222,KERRY PARK (FRANKLIN PLACE),342,13622.467028,550.275589324936,13622.4125379352
223,KERRY PARK AND VIEWPOINT,342,55047.774228,1012.37056658458,55047.5540369031
224,KEYSTONE PLACE,3880,9778.895875,617.890430260829,9778.85675963607
225,KILBOURNE PARK,459,28958.805241,1270.2659008317,28958.6894054523
226,KINGFISHER NATURAL AREA ON THORNTON CREEK,4480,653544.968893,12752.875056528,653542.354716987
227,KINNEAR PARK,314,614668.460841,4172.74989130772,614666.002168666
228,KINNEAR PLACE,315,4014.304504,387.278554820994,4014.28844653583
229,KIRKE PARK,4468,39072.422714,981.480622975721,39072.2664237605
230,KIWANIS MEMORIAL PRESERVE PARK,246,704806.258897,9137.98859752601,704803.43967301
231,KIWANIS RAVINE OVERLOOK,4429,13176.736446,460.163433941661,13176.6837390403
232,KUBOTA GARDENS,415,843571.04675,4520.36656121162,843567.672469063
233,KUBOTA GARDENS NATURAL AREA,262,931486.183261,8624.58748185682,931482.457322137
234,LAKE CITY MEMORIAL TRIANGLE,333,233.711195,86.5290669823426,233.710259892742
235,LAKE CITY PARK,487,7398.287668,407.194195607563,7398.25807442332
236,LAKE CITY URBAN HUB VILLAGE,4476,10017.723151,426.118701832614,10017.6830808684
237,LAKE PEOPLE PARK (XACUA'BS),4439,22929.0872,609.980697023331,22928.995484509
238,LAKE UNION PARK,344,474955.863073,4628.38521391389,474953.963251641
239,LAKE WASHINGTON BOULEVARD,393,87.370004,46.1424798555835,87.3696548913455
240,LAKE WASHINGTON BOULEVARD,412,4134442.540611,76228.9859931236,4134426.00285888
241,LAKE WASHINGTON BOULEVARD,413,3609992.342054,19637.2904615637,3609977.90209422
242,LAKERIDGE PARK,411,1548465.087073,11996.9940627571,1548458.89321775
243,LAKERIDGE PLAYGROUND,3972,187403.294208,1758.17540522092,187402.544595403
244,LAKEVIEW PARK,365,195992.392427,3016.06706090913,195991.608457266
245,LAKEVIEW PLACE,366,180.091679,64.7121845784176,180.090958655229
246,LAKEWOOD MOORAGE,4040,541629.504927,2993.26472482729,541627.338410488
247,LAKEWOOD MOORAGE,4041,35627.878392,734.990326822962,35627.7358811716
248,LAKEWOOD PLAYGROUND,414,85897.687968,1195.79857056736,85897.3443783414
249,LAKEWOOD TRIANGLE,4024,5370.534325,313.57967840354,5370.5128428274
250,LAMBERT PLACE,3906,1392.816058,180.343796118773,1392.81048639448
251,LANDING PARKWAY,3929,15711.968737,1071.88696816647,15711.905888669
252,LANGSTON HUGHES ANNEX,256,7752.438794,377.180247961355,7752.4077842575
253,LANGSTON HUGHES CULTURAL ARTS,256,44851.883724,993.037156612823,44851.7043173406
254,LAURELHURST PLAYFIELD,340,576465.155203,3161.46475827427,576462.84934302
255,LAURELHURST RECREATION CENTER,4442,5619.09866,386.647759598266,5619.07618323731
256,LAURELHURST TRIANGLE,4162,913.201189,111.120931008837,913.19753584569
257,LAVILLA MEADOWS NATURAL AREA ON THORNTON CREEK,4482,190641.683251,2169.0455512256,190640.920684142
258,LAWTON PARK,316,414330.888971,4823.86904612923,414329.231649215
259,LESCHI PARK,367,560431.786521,5193.5001104685,560429.544796532
260,LESCHI PARK AND SOUTH MOORAGE,367,195185.727709,1955.69938647841,195184.946966069
261,LESCHI-LAKE DELL NATURAL AREA,263,164943.715963,4876.19727761151,164943.056188523
262,LEWIS PARK,4076,163725.16718,3405.31492826407,163724.512279829
263,LICORICE FERN NATURAL AREA ON THORNTON CREEK,4479,341025.391672,4117.73446942819,341024.027572015
264,LICTON SPRINGS PARK,286,328830.902573,2422.90222002001,328829.587252093
265,LINCOLN PARK,460,5541025.620813,10989.450586844,5541003.45673701
266,LINDEN ORCHARD PARK,4419,14396.958782,538.456124590476,14396.9011941119
267,LITTLE BROOK CREEK NATURAL AREA,4617,104304.114418,1548.03302405257,104303.697201978
268,LITTLE BROOK PARK,297,38607.209566,867.560578168402,38607.0551372667
269,LLANDOVER WOODS GREENSPACE,301,395874.417756,4602.80068150763,395872.834261685
270,LONGFELLOW CREEK GREENSPACE,264,256357.706866,4661.07813650733,256356.681438667
271,LONGFELLOW CREEK GREENSPACE,265,2059361.799829,27985.1898607231,2059353.5623917
272,LONGFELLOW CREEK GREENSPACE,267,152254.84776,3318.50478580565,152254.23874117
273,LONGFELLOW CREEK NATURAL AREA,265,40275.723527,930.441488427558,40275.5624242155
274,"LOWERY C. ""POP"" MOUNGER POOL",4473,56400.671829,1156.16716424414,56400.4462257184
275,LOWMAN BEACH PARK,461,178200.92294,1824.966381697,178200.210136208
276,LOYAL HEIGHTS PLAYFIELD,289,291077.530427,2173.22479003132,291076.366117914
277,LYNN STREET MINI PARK,4075,4697.754119,361.611509422622,4697.7353278124
278,MACLEAN PARK,4422,44429.534925,964.102387214683,44429.3572070713
279,MADISON PARK,369,360582.160157,3061.55400799365,360580.717828165
280,MADISON PARK NORTH BEACH,4441,195521.584866,1778.86198120668,195520.802779651
281,MADRONA BRIAR PATCH,4005,7488.717735,381.033053975352,7488.68778034125
282,MADRONA PARK,370,1256046.410136,10965.0665566033,1256041.38595611
283,MADRONA PLAYGROUND,371,77035.303879,1170.05224894071,77034.9957365348
284,MADRONA RAVINE,2856,36855.601541,1216.86345274088,36855.4541188675
285,MAGNOLIA BOULEVARD,317,965.315487,159.249292585132,965.311625873274
286,MAGNOLIA BOULEVARD,2843,2337559.510621,30831.1215265079,2337550.16039109
287,MAGNOLIA GREENBELT,492,139309.774765,3491.40529132287,139309.217526535
288,MAGNOLIA MANOR PARK,747,268497.222406,2263.97499826746,268496.148417506
289,MAGNOLIA PARK,317,510531.487488,9154.75734521795,510529.445366514
290,MAGNOLIA TIDELANDS PARK,3041,7672071.247304,83307.8361061574,7672040.55904867
291,MAPLE LEAF COMMUNITY GARDEN,4434,15985.399719,509.507780615504,15985.3357773318
292,MAPLE LEAF RESERVOIR PARK,3881,1084249.05977,4223.23671011932,1084244.72277807
293,MAPLE SCHOOL RAVINE,1630,330999.14904,7636.07204992157,330997.825045448
294,MAPLE SPRINGS NATURAL AREA,4615,46644.093266,1608.52104657887,46643.906690211
295,MAPLE WOOD PLAYFIELD,418,691349.86068,3725.98743113512,691347.095282174
296,MARRA-DESIMONE PARK,4447,377896.58059,2737.81796473524,377895.069005228
297,MARSHALL PARK,320,34088.68082,790.296632496921,34088.54446592
298,MARTHA WASHINGTON PARK,432,417194.493865,2629.46082562932,417192.825088764
299,MARTIN LUTHER KING JR MEMORIAL,3923,191294.901096,2501.06182782193,191294.135918204
300,MARVINS GARDEN,298,4482.454109,322.980533867965,4482.43617914223
301,MATTHEWS BEACH PARK,347,956042.104073,6856.39610270994,956038.279910855
302,MAYFAIR PARK,321,43086.30542,889.834129827161,43086.133075301
303,MCGILVRA BOULEVARD,4013,22333.951919,2469.68177826296,22333.8625848293
304,MCGILVRA PLACE,4008,2652.021071,257.989388576357,2652.01046310498
305,MCGRAW SQUARE,339,644.817639,123.630476416278,644.815059994668
306,ME-KWA-MOOKS NATURAL AREA,268,295525.359431,5999.93818547887,295524.177331132
307,ME-KWA-MOOKS PARK,473,751919.252225,5125.12077092539,751916.244552632
308,MEADOWBROOK PLAYFIELD,352,851211.769399,4027.08961186205,851208.364554146
309,MEADOWBROOK TEEN LIFE CENTER,352,7637.798913,375.340128645128,7637.76836210539
310,MERIDIAN PLAYGROUND,1104,293196.836904,2931.34925714958,293195.664117955
311,MILLER TRIANGLE,4015,8179.605774,514.615444288101,8179.57305536934
312,MINERAL SPRINGS PARK,291,173101.536247,2165.4508448815,173100.843843282
313,MOCK CREEK RAVINE,277,44096.673785,1080.25626717761,44096.4973981855
314,MONTLAKE BOULEVARD,4021,11469.267061,1084.99384031519,11469.2211830783
315,MONTLAKE PLAYFIELD,376,1135292.132955,8691.17396872287,1135287.59179268
316,MORGAN JUNCTION PARK,4460,28632.751628,968.701488808934,28632.6370973884
317,MOUNT BAKER BOULEVARD,4020,319096.214725,5368.03021315322,319094.93834195
318,MOUNT BAKER PARK,405,158396.726544,2852.72051606153,158396.092958253
319,MOUNT BAKER PARK,419,1078079.120413,15392.7946068461,1078074.80809772
320,MOUNT CLAIRE PARK,4019,50990.97532,2433.5730012211,50990.7713571126
321,MT BAKER RIDGE VIEWPOINT,4427,5043.740823,326.51391089005,5043.72064804619
322,MYRTLE EDWARDS PARK,311,209609.455841,3611.82395419727,209608.617405419
323,MYRTLE RESERVOIR PARK,4463,159366.920501,2381.82696047477,159366.283033534
324,NANTES PARK,3916,14125.482619,485.261116935842,14125.4261171936
325,NE 60TH STREET PARK,3975,14467.919812,841.755311465792,14467.8619407783
326,NORAS WOODS,4403,15161.429449,493.727513413409,15161.3688036116
327,NORTH BEACH PARK,247,359057.653824,5685.03672599591,359056.217595564
328,NORTH BEACH RAVINE: 30TH NW NATURAL AREA,271,59981.618922,2150.7617629992,59981.3789954277
329,NORTH LESCHI MOORAGE,367,287977.003432,2401.11842161473,287975.851524119
330,NORTH PARK SHOPS,481,97399.124971,1263.42739405655,97398.7353755114
331,NORTH PASSAGE POINT PARK,2956,34722.138691,833.872293235875,34721.9998032343
332,NORTHACRES PARK,361,900522.847239,4174.92520227947,900519.245151404
333,NORTHEAST QUEEN ANNE GREENBELT,279,432699.591078,7535.93359715187,432697.860280033
334,NORTHGATE COMMUNITY CENTER,4425,102980.215021,1290.22091404425,102979.80310297
335,NORTHGATE PARK,4445,51498.587752,936.030637926204,51498.3817584292
336,NORTHLAKE PARK,4452,1659.700192,212.509077639656,1659.69355352115
337,NW 60TH STREET VIEWPOINT,4161,5346.534796,364.667452792248,5346.51341018062
338,OBSERVATORY COURTS,322,36209.771604,820.13524698461,36209.626765468
339,OCCIDENTAL SQUARE,323,26627.306013,701.651605580831,26627.1995031637
340,OPEN WATER PARK,3005,611502.86605,3808.60272555608,611500.42004029
341,ORCHARD STREET RAVINE,300,74305.708384,1663.96775598715,74305.4111595783
342,OTHELLO PARK,403,329440.956566,2430.2861649738,329439.638806476
343,OXBOW PARK,4416,35415.357111,794.568675816312,35415.2154497672
344,PARK HOME CIRCLE,4027,2827.071548,188.489419232719,2827.06023957125
345,PARKMONT PLACE,4009,9187.767657,802.410879327002,9187.73090550334
346,PARSONS GARDENS,324,19250.91849,558.268768525939,19250.8414865221
347,PELLY PLACE NATURAL AREA,237,44779.014043,1267.08663662516,44778.834926714
348,PENDLETON MILLER PLAYFIELD,373,329405.938467,2847.5845975268,329404.620844005
349,PEPPIS PLAYGROUND,378,99679.586384,1229.17220175595,99679.1876650325
350,PICARDO (RAINIE) P-PATCH,4322,127560.158383,1417.10115552153,127559.6481427
351,PIERS 62 AND 63,274,88215.779856,1490.23106979517,88215.4269927044
352,PIGEON POINT,282,1310747.411156,8030.85420120353,1310742.16817062
353,PINEHURST PLAYGROUND,382,54846.539681,949.731611522021,54846.320294587
354,PINEHURST POCKET PARK,4444,8104.743913,375.32396812793,8104.71149427556
355,PIONEER SQUARE,325,13852.940907,570.223617072844,13852.885495361
356,PIPERS CREEK NATURAL AREA,275,406754.49024,3770.14847604494,406752.863222495
357,PLUM TREE PARK,387,14397.832322,480.027975928478,14397.7747301525
358,PLYMOUTH PILLARS PARK,4000,29733.633179,1271.44500559196,29733.5142446641
359,POWELL BARNETT PARK,345,189757.733015,1884.90102172765,189756.973987829
360,PRATT PARK,390,237941.884273,2250.40178615652,237940.932507419
361,PREFONTAINE PLACE,326,1809.824619,213.504587563613,1809.81737949921
362,PRENTIS I. FRAZIER PARK,357,15901.868822,544.429493442305,15901.8052147961
363,PRITCHARD ISLAND BEACH,420,584016.255732,5778.45946048322,584013.919670506
364,PUGET BOULEVARD,4158,258799.129157,5276.49349389705,258798.093961041
365,PUGET CREEK EDIBLE PARK,4572,29350.806556,739.168487516141,29350.6891531749
366,PUGET CREEK GREENSPACE,3993,303563.180623,4781.01063287368,303561.966371126
367,PUGET CREEK NATURAL AREA,3993,39253.302415,1134.30674638759,39253.1454007986
368,PUGET PARK,462,956208.01539,6727.92315666273,956204.190562312
369,PUGET RIDGE PLAYGROUND,4201,6261.688562,417.853409678135,6261.66351600139
370,QUEEN ANNE BOULEVARD,328,1317471.844324,40353.7490391699,1317466.57443939
371,QUEEN ANNE BOWL PLAYFIELD,3984,236235.1377,2943.82196110848,236234.192759587
372,QUEEN ANNE SWIMMING POOL,337,43550.513694,965.68617315732,43550.3394918217
373,RAINBOW POINT,4045,34611.027042,1195.26614608665,34610.8885979424
374,RAINIER BEACH COMMUNITY CENTER,434,126329.245476,1532.28317670478,126328.740159469
375,RAINIER BEACH PLAYFIELD,422,412440.193335,2772.4787487617,412438.543575808
376,RAINIER BEACH URBAN FARM AND WETLANDS,3946,434564.808928,5223.85352562119,434563.070667385
377,RAINIER PLACE,3999,412.299106,86.2881962248062,412.297456789476
378,RAINIER PLAYFIELD,423,413283.605792,2570.67660756515,413281.952659467
379,RAVENNA BOULEVARD,388,329432.83715,15017.6126767869,329431.519424972
380,RAVENNA PARK,391,2174801.934816,10025.1912863135,2174793.23561269
381,RAVENNA RAVINE,254,42333.492131,1048.97277040844,42333.3227979789
382,RAVENNA WOODS,4411,50208.651985,961.938361361239,50208.4511508502
383,RAVENNA-ECKSTEIN PARK,488,143615.827076,1993.91683246461,143615.252614589
384,REGRADE PARK,336,12959.375662,456.003713059087,12959.3238249407
385,RIVERVIEW PLAYFIELD,463,1840779.31,6920.3536600862,1840771.94688843
386,ROANOKE PARK,379,109540.438609,2253.2446623623,109540.000448286
387,ROANOKE STREET MINI PARK,4084,4701.688414,480.875573970561,4701.66960661497
388,ROGERS PLAYGROUND,380,83660.36561,1181.80645604917,83660.0309698774
389,ROOSEVELT LAND-BANK SITE,4653,8701.726618,484.820794355364,8701.69181145496
390,ROSS PLAYGROUND,248,102318.223309,1409.37570210271,102317.814035732
391,ROTARY VIEWPOINT,4465,97590.621594,2758.68076342838,97590.2312333496
392,ROXHILL PARK,464,583537.251923,3812.54182995252,583534.917776684
393,S CHARLESTOWN & 35TH AVE S,4483,38660.403054,789.091821426042,38660.2484121386
394,S.W. COMMUNITY CENTER AND POOL,3996,104931.845657,1362.32659531614,104931.425929317
395,SACAJAWEA PLAYGROUND,394,113467.696705,1361.45902411188,113467.242834757
396,SALMON BAY PARK,249,122885.013647,1465.6846792414,122884.522106581
397,SAM SMITH PARK,4242,936860.510055,11169.8791964846,936856.762619439
398,SANDEL PLAYGROUND,250,161891.473139,1739.22047044653,161890.825573376
399,SCHMITZ BOULEVARD,4236,103977.441069,2562.38332612435,103977.025159601
400,SCHMITZ PRESERVE PARK,465,2311529.376994,11289.3680725751,2311520.13088608
401,SEACREST PARK,455,704266.023676,5441.37904232001,704263.20661197
402,SEATTLE AQUARIUM,335,203736.420002,2168.11866095836,203735.60505557
403,SEOLA BEACH GREENBELT,466,23531.040365,963.523174203006,23530.9462414162
404,SEOLA PARK,466,615245.88215,6854.31503571119,615243.421168646
405,SEVEN HILLS PARK,4466,17330.242331,528.510750856506,17330.1730105944
406,SEWARD PARK,428,12809775.848394,16963.250268809,12809724.6093454
407,SIERRA PLACE,3928,640.143887,124.466157591377,640.141326067683
408,SMITH COVE PARK,4433,414345.971544,5133.61109925471,414344.314161445
409,SOLSTICE PARK,4453,312494.552834,2461.24858694609,312493.302857947
410,SOUNDVIEW PLAYFIELD,251,458017.909064,2879.06678196412,458016.076995403
411,SOUNDVIEW TERRACE,3987,13215.883196,765.655243562549,13215.8303321533
412,SOUTH DAY STREET PARK,4082,169286.230327,1746.68566364657,169285.553183545
413,SOUTH PARK MEADOW,4048,42909.059313,828.613597659382,42908.88767811
414,SOUTH PARK PLAYGROUND,467,241910.572983,1955.65212439191,241909.605341635
415,SOUTH PARK PLAZA,4491,36280.172238,769.52656103817,36280.0271173699
416,SOUTH PASSAGE POINT PARK,377,38765.539696,882.349824437222,38765.3846347578
417,SPRING STREET MINI PARK,381,14304.099986,478.400073013278,14304.0427697536
418,SPRUCE STREET MINI PARK,3117,31987.854633,755.955252984029,31987.7266814093
419,ST MARKS GREENBELT,2848,128747.107588,3173.07771742586,128746.592600952
420,STANLEY SAYRES MEMORIAL PARK,425,968353.732583,10555.9282318602,968349.859175676
421,STEVENS PLACE,3919,8069.763024,455.352218090667,8069.73074556101
422,STEVENS TRIANGLE,3981,3096.817975,412.143991687798,3096.80558758329
423,STIM BULLITT NATURAL AREA,4488,237930.947592,2844.00550091156,237929.995868048
424,STREISSGUTH GARDENS,4628,30297.023391,816.850324069817,30296.9022024263
425,STURGUS PARK,592,92487.615447,2374.12076975089,92487.2454970659
426,STURTEVANT RAVINE,290,122273.556099,2576.25397502287,122273.067003885
427,SUMMIT PLACE,383,764.632218,134.462362708974,764.629159268049
428,SUMMIT SLOPE PARK,4461,9605.360712,400.131669323451,9605.32229052578
429,SUN PARK,4655,4055.817909,264.01099609259,4055.80168611933
430,SUNNYSIDE AVE N BOAT RAMP,3903,23534.881539,909.430369451772,23534.7873973393
431,SUNSET HILL PARK,252,117486.316274,1799.95695495555,117485.846329442
432,SUNSET PLACE,3901,4761.642038,288.776610460409,4761.62299138547
433,SW QUEEN ANNE GREENBELT,234,554008.878564,10850.7959422537,554006.662531103
434,T.T. MINOR PLAYGROUND,3913,70983.512502,1165.80392051847,70983.2285686712
435,TASHKENT PARK,384,20514.288834,722.937426733924,20514.2067777569
436,TAYLOR CREEK HEADWATERS,4475,30275.173097,997.025156680187,30275.0519964245
437,TERRY PETTUS PARK,3889,37284.883291,892.911622142085,37284.7341514152
438,THAYER PLACE,4014,3341.943213,239.693083647269,3341.92984563324
439,THOMAS C. WALES PARK,1106,58775.547668,994.833454636161,58775.3125664647
440,THOMAS STREET GARDENS,4104,5264.610665,311.128173972904,5264.58960632858
441,THOMAS STREET MINI PARK,386,10783.018236,419.505030196534,10782.9751041872
442,THORNDYKE PARK,343,59728.752937,1728.46216657897,59728.5140233023
443,THORNTON CREEK ADDITION: NORTH BRANCH,4649,39192.967271,857.868053687395,39192.8104983162
444,THORNTON CREEK NATURAL AREA: 25TH/95TH,416,94699.235542,2607.01280411412,94698.8567437636
445,THYME PATCH PARK,4405,4857.235799,294.148374651864,4857.21636979484
446,TILIKUM PLACE,3909,1755.519533,148.538731099005,1755.51251076726
447,TROLL'S KNOLL PARK,4599,24598.581353,770.789749746198,24598.4829593142
448,TROLLEY HILL PARK,4421,37717.080331,797.393373228599,37716.9294621935
449,TRUDYS TRIANGLE,4041,10996.450047,442.313146158398,10996.4060616781
450,TWELFTH AVENUE SOUTH VIEWPOINT,4159,46472.988503,1254.46702697287,46472.802610921
451,UNION BAY BOGLANDS #1,4431,51161.002053,1192.55131926105,51160.7974090083
452,UNION BAY BOGLANDS #2,3751,8114.07206,395.475234842877,8114.03960356819
453,UNION STATION SQUARE,4007,1528.143138,206.91606652537,1528.13702522743
454,UNIVERSITY CIRCLE,424,8171.123109,320.953266187075,8171.0904241349
455,UNIVERSITY HEIGHTS,4471,14682.564825,495.530879769909,14682.5060953258
456,UNIVERSITY LAKE SHORE PLACE,3998,6619.171473,365.516536350242,6619.14499623569
457,UNIVERSITY PLAYGROUND,435,119713.00246,1429.43487780537,119712.523609591
458,URBAN TRIANGLE PARK,4384,9148.195743,455.625247676001,9148.15915078823
459,VAN ASSELT PLAYGROUND,431,393233.078254,3107.19857300813,393231.505323597
460,VICTOR STEINBRUECK PARK,338,34522.262031,882.067836145612,34522.1239423127
461,VICTORY CREEK CONFLUENCE NATURAL AREA ON TC,416,2654.038877,241.921997456663,2654.02826094068
462,VICTORY CREEK CONFLUENCE NATURAL AREA ON TC,4616,7537.858563,381.632979272226,7537.82841231696
463,VICTORY CREEK PARK,4443,43191.647078,1018.07332498907,43191.4743108537
464,VICTORY HEIGHTS PLAYGROUND,438,68239.459685,1239.64356638448,68239.1867265327
465,VIEW RIDGE PLAYFIELD,444,397907.620667,2523.46114322225,397906.029039578
466,VIRETTA PARK,3098,79936.917458,1715.19757455104,79936.5977108744
467,VIRGIL FLAIM PARK,4002,120898.968967,1375.51484599389,120898.485371891
468,VOLUNTEER PARK,399,2104410.097744,5768.93685812243,2104401.68010837
469,VOLUNTEER PARKWAY,4033,108166.564946,3923.58376909327,108166.132278257
470,WALLINGFORD PLAYFIELD,449,195578.864114,1830.72391331526,195578.081799891
471,WALLINGFORD STEPS,4598,8416.537528,417.292598726904,8416.50386253897
472,WALT HUNDLEY PLAYFIELD,3941,489690.487098,3412.12498336484,489688.528342149
473,WARD SPRINGS PARK,763,14685.152061,485.427063983182,14685.0933205177
474,WARREN G. MAGNUSON PARK,398,13444343.223012,30892.0634238207,13444289.4456852
475,WASHINGTON PARK,4486,547013.957764,3427.85887402599,547011.769710358
476,WASHINGTON PARK AND ARBORETUM,393,6448808.544492,37088.4990903649,6448782.74928147
477,WATERFRONT PARK,3973,164661.898019,3015.86930814093,164661.239371261
478,WATERWAY 19,4083,81296.249159,1535.18550239881,81295.9239726968
479,WATTON LIFE ESTATE,4409,4857.305024,318.218543248426,4857.28559521751
480,WEBSTER PARK,3894,35374.092846,807.247548003103,35373.9513497353
481,WEDGWOOD SQUARE,3899,2971.637871,226.954109623851,2971.62598407264
482,WEST CENTRAL GROUNDS MAINTENANCE,257,53515.674369,1030.81908099029,53515.4603055234
483,WEST DUWAMISH GREENBELT,282,1416805.559048,18059.7364382741,1416799.89183404
484,WEST DUWAMISH GREENBELT,484,2313540.509937,14258.786077305,2313531.25579144
485,WEST DUWAMISH GREENBELT,4401,2558508.851,23376.9747266233,2558498.61697685
486,WEST DUWAMISH GREENBELT,4407,2477214.526845,12507.4950885077,2477204.61799703
487,WEST EWING MINI PARK,3694,18334.40026,812.868320293931,18334.3269226658
488,WEST MAGNOLIA PLAYFIELD,319,664843.696478,5020.82135160203,664841.037107095
489,WEST MONTLAKE PARK,375,122856.914767,2499.85199666163,122856.423339508
490,WEST QUEEN ANNE PLAYFIELD,330,268213.467219,2331.141643655,268212.394366259
491,WEST SEATTLE GOLF COURSE,265,590598.677214,12181.6077942004,590596.314822319
492,WEST SEATTLE GOLF COURSE,469,6013906.112234,11768.0436567646,6013882.05663387
493,WEST SEATTLE JUNCTION,4568,16718.842459,522.836312486877,16718.7755837732
494,WEST SEATTLE STADIUM,472,503503.599002,2935.08379580588,503501.584991353
495,WESTBRIDGE SHOPS,4420,238568.964235,2164.93140977892,238568.009963608
496,WESTCREST PARK,468,5631702.740904,16703.7579231925,5631680.21411255
497,WESTLAKE GREENBELT,494,62114.900629,1466.25730475956,62114.6521711159
498,WESTLAKE PARK,332,20618.823917,750.958653028433,20618.7414413709
499,WESTLAKE SQUARE,334,469.354351,104.891682609019,469.352473741422
500,WILLIAM GROSE PARK,385,18038.31154,607.834953651235,18038.23938736
501,WILLIAMS PLACE,4016,5696.43832,340.623180666702,5696.41553453242
502,WOLF CREEK RAVINE NATURAL AREA,278,65116.447142,1887.87877964516,65116.1866756717
503,WOODLAND PARK,292,4318801.272034,11518.9021831677,4318783.99685025
504,WOODLAND PARK ZOO,200,3959004.924543,8087.50776660486,3958989.08854792
505,YESLER TERRACE PARK,4263,139153.988756,1715.63176133996,139153.432141076
506,YORK PARK,580,11032.531717,454.368070719664,11032.4875869138
507,YORK PLAYGROUND,3926,29898.650087,1010.48049991266,29898.5304922374
508,,4463,6165.400694,348.30630092517,6165.37603229202
509,A. B. ERNST PARK,4404,11546.519529,432.565094389434,11546.4733431277
510,HIGHLAND PLACE,3979,1587.893326,161.705713600465,1587.88697478045
511,KOBE TERRACE,3915,44166.135503,1079.48868977133,44165.958838447
512,TWELFTH WEST AND W HOWE PARK,281,49289.642844,1259.40871563037,49289.4456855592
513,URSULA JUDKINS VIEWPOINT,4451,106227.143467,2054.47716385168,106226.718559371
514,WASHINGTON PARK - JAPANESE GDN,4487,163929.14429,1969.43295498687,163928.488573504
