PMAID,LocID,Name,Address,ZIP Code,X Coord,Y Coord,Location 1
281,2545,12th and Howe Play Park,1200 W Howe St,98119,-122.372985,47.636097,"(47.636097, -122.372985)"
4159,2387,12th Ave S Viewpoint,2821 12TH Ave S,98144,-122.317765,47.577953,"(47.577953, -122.317765)"
4467,2382,12th Ave Square Park,564 12th Ave,98122,-122.316455,47.607427,"(47.607427, -122.316455)"
4010,2546,14th Ave NW Boat Ramp,4400 14th Ave NW,98107,-122.373536,47.660775,"(47.660775, -122.373536)"
296,296,3001 E Madison,3001 E Madison St,98112,-122.293173,47.625169,"(47.625169, -122.293173)"
1000001,0,32nd Ave W Boat Launch,32nd Ave W,98199,-122.398685,47.632345,"(47.632345, -122.398685)"
3158,2378,6th Ave NW Pocket Park,606  NW 76th St,98117,-122.363566,47.684202,"(47.684202, -122.363566)"
4404,2533,A. B. Ernst Park,723 N 35th St,98103,-122.348826,47.650087,"(47.650087, -122.348826)"
1000002,0,Adams Street Boat Ramp,Lake Washington Blvd S & S Adams St,98118,-122.267178,47.565219,"(47.565219, -122.267178)"
244,1886,Albert Davis Park,12526 27th Ave NE,98125,-122.298752,47.72016,"(47.72016, -122.298752)"
445,1888,Alki Beach Park,1702 Alki Ave SW,98116,-122.402173,47.582912,"(47.582912, -122.402173)"
446,1049,Alki Playground,5817 SW Lander St,98116,-122.407312,47.578497,"(47.578497, -122.407312)"
3914,1891,Alvin Larkins Park,1504 34TH Ave,98122,-122.288745,47.614318,"(47.614318, -122.288745)"
426,1892,Amy Yee Tennis Center,2000 Martin Luther King Jr Way S,98144,-122.29742,47.584876,"(47.584876, -122.29742)"
2927,1894,Andover Place,4000 Beach Dr SW,98116,-122.409993,47.568517,"(47.568517, -122.409993)"
1556,1898,Arapahoe Triangle,3431 Arapahoe Pl W,98199,-122.409139,47.65129,"(47.65129, -122.409139)"
485,1907,Arroyos Natural Area,4120 Arroyo Dr SW,98146,-122.387822,47.505679,"(47.505679, -122.387822)"
4081,1908,Atlantic City Boat Ramp,8702 Seward Park Ave S,98118,-122.263078,47.522834,"(47.522834, -122.263078)"
4243,2541,Atlantic Street Park,1501 21st Ave S,98144,-122.30566,47.589165,"(47.589165, -122.30566)"
241,2552,B.F. Day Playground,4020 Fremont Ave N,98103,-122.349222,47.65603,"(47.65603, -122.349222)"
4006,1910,Bagley Viewpoint,2548 Delmar Dr E,98102,-122.318347,47.643015,"(47.643015, -122.318347)"
2840,1911,Baker Park on Crown Hill,8347 14th Ave NW,98117,-122.374794,47.690119,"(47.690119, -122.374794)"
4278,1913,Ballard Commons Park,5701 22nd Ave NW,98107,-122.385487,47.670549,"(47.670549, -122.385487)"
4428,1914,Ballard Corners Park,1702 nw 62nd St,98107,-122.379116,47.674186,"(47.674186, -122.379116)"
497,1108,Ballard Playground,2644 NW 60th St,98107,-122.39155,47.672786,"(47.672786, -122.39155)"
4073,2553,Banner Way Triangle,7802 Banner Way NE,98115,-122.32343,47.685762,"(47.685762, -122.32343)"
3703,1919,Bar-S Playground,6425 SW Admiral Way,98116,-122.416054,47.575195,"(47.575195, -122.416054)"
303,1110,Bayview Playground,2614 24th Ave W,98199,-122.386786,47.643802,"(47.643802, -122.386786)"
1000342,0,Bayview-Kinnear (Lower Kerry Park),3rd Ave W & W Prospect St,98119,-122.360626,47.628948,"(47.628948, -122.360626)"
400,1074,Beacon Hill Playground,1902 13th Ave S,98144,-122.315325,47.586226,"(47.586226, -122.315325)"
3119,1923,Beacon Place,1110 S Dearborn St,98104,-122.318716,47.596236,"(47.596236, -122.318716)"
4481,1075,Beaver Pond Natural Area on Thornton Creek,5th Ave NE & NE 103rd St,98125,-122.323168,47.703288,"(47.703288, -122.323168)"
4028,0,Beck Place,5809 15th Ave NE,98105,-122.312027,47.671888,"(47.671888, -122.312027)"
440,1925,Beer Sheva Park,8650 55th Ave S,98118,-122.263223,47.524191,"(47.524191, -122.263223)"
4472,2543,Bell Street Park,1st to 5th Ave on Bell St,98121,-122.344866,47.614696,"(47.614696, -122.344866)"
4022,1182,Bellevue Place,Bellevue Ave E & Bellevue Pl E,98102,-122.327658,47.626904,"(47.626904, -122.327658)"
4415,1186,Belltown Cottage Park,2512 Elliott Ave,98121,-122.350776,47.613889,"(47.613889, -122.350776)"
346,1290,Belmont Place,703 Belmont Pl E,98102,-122.324408,47.625727,"(47.625727, -122.324408)"
447,1188,Belvedere Park,3600 SW Admiral Way,98126,-122.376896,47.580673,"(47.580673, -122.376896)"
475,1189,Belvoir Place,3659 42nd Ave NE,98105,-122.283215,47.655124,"(47.655124, -122.283215)"
436,1077,Benefit Playground,9320 38th Ave S,98118,-122.284294,47.518998,"(47.518998, -122.284294)"
4245,1190,Benvenuto Viewpoint,1401 23rd Ave S,98122,-122.303029,47.589841,"(47.589841, -122.303029)"
253,1191,Bergen Place,5420 22nd Ave NW,98107,-122.384495,47.66833,"(47.66833, -122.384495)"
304,1193,Bhy Kracke Park,1215 5th Ave N,98109,-122.348403,47.630426,"(47.630426, -122.348403)"
288,1113,Bitter Lake Playfield,13035 Linden Ave N,98133,-122.349314,47.724209,"(47.724209, -122.349314)"
4450,1194,Bitter Lake Reservoir Open Space,14201 Linden Ave N,98133,-122.348583,47.731181,"(47.731181, -122.348583)"
3907,1196,Blaine Place,513 W Olympic Pl,98119,-122.364152,47.626809,"(47.626809, -122.364152)"
4418,1198,Blue Dog Pond,1520 26th Ave S,98144,-122.297814,47.589982,"(47.589982, -122.297814)"
238,1199,Blue Ridge Circle,1851 NW Blue Ridge Dr,98117,-122.380095,47.70439,"(47.70439, -122.380095)"
239,1200,Blue Ridge Place,Radford Ave NW & NW Milford Way,98117,-122.381171,47.703423,"(47.703423, -122.381171)"
348,0,Boren Place,321 Broadway,98122,-122.320952,47.604999,"(47.604999, -122.320952)"
349,1202,Boylston Place,815 Broadway,98104,-122.32094,47.609976,"(47.609976, -122.32094)"
401,1203,Bradner Gardens Park,1730 Bradner Pl S,98144,-122.295426,47.587419,"(47.587419, -122.295426)"
402,1115,Brighton Playfield,6000 39th Ave S,98118,-122.2821,47.548387,"(47.548387, -122.2821)"
3997,1207,Broadview Park,Greenwood Ave N & N 122nd St,98133,-122.355836,47.717936,"(47.717936, -122.355836)"
482,1082,Bryant Neighborhood Playground,4103 NE 65th St,98115,-122.283644,47.675299,"(47.675299, -122.283644)"
496,1083,Burke-Gilman Playground Park,5201 Sand Point Way NE,98105,-122.282623,47.666634,"(47.666634, -122.282623)"
3102,1211,Cal Anderson Park and Bobby Morris Playfield,1635 11th Ave,98122,-122.319134,47.617013,"(47.617013, -122.319134)"
448,1212,California Place,2099 California Ave SW,98116,-122.386696,47.585641,"(47.585641, -122.386696)"
4154,1213,Camp Long,5200 35th Ave SW,98126,-122.373161,47.556242,"(47.556242, -122.373161)"
240,1227,Carkeek Park,950 NW Carkeek Park Rd,98117,-122.379763,47.712194,"(47.712194, -122.379763)"
305,1232,Carleton Center,2319 Westmont Way W,98199,-122.406385,47.639414,"(47.639414, -122.406385)"
4049,1233,Carleton Highlands,3298 Perkins Ln W,98199,-122.415934,47.650028,"(47.650028, -122.415934)"
3902,1235,Cascade Place,5119 Palmer Ct NW,98107,-122.358092,47.666216,"(47.666216, -122.358092)"
350,1117,Cascade Playground,333 Pontius Ave N,98109,-122.332355,47.621405,"(47.621405, -122.332355)"
4167,1237,Cedar Park,3737 NE 135th St,98125,-122.288042,47.725808,"(47.725808, -122.288042)"
4448,1245,Cesar Chavez Park,700 S Cloverdale St,98108,-122.32562,47.52678,"(47.52678, -122.32562)"
80,2497,Charles Richey Sr Viewpoint,3521 Beach Dr SW,98116,-122.413877,47.57242,"(47.57242, -122.413877)"
4214,2532,Cheasty Boulevard,Cheasty Blvd S & S Della St,98144,-122.299204,47.572682,"(47.572682, -122.299204)"
258,2021,Cheasty GS: Cheasty Blvd,Cheasty Blvd S & S Della St,98144,-122.299204,47.572682,"(47.572682, -122.299204)"
421,1249,Chinook Beach Park,700 S Cloverdale St,98118,-122.258376,47.520135,"(47.520135, -122.258376)"
595,1250,Christie Park,817 NE 43rd St,98105,-122.319072,47.659308,"(47.659308, -122.319072)"
306,1252,City Hall Park,450 3rd Ave,98119,-122.329875,47.602022,"(47.602022, -122.329875)"
404,2026,Cleveland Playfield,5512 13th Ave S,98108,-122.315542,47.552012,"(47.552012, -122.315542)"
3985,1261,Coe Play Park,2420 7th Ave W,98119,-122.365952,47.640108,"(47.640108, -122.365952)"
3922,2503,College Street Park,30th Ave S & S College St,98144,-122.294616,47.582697,"(47.582697, -122.294616)"
260,2504,College Street Ravine,5050 SW College St,98116,-122.395546,47.583406,"(47.583406, -122.395546)"
405,1263,Colman Park,1800 Lake Washington Blvd S,98144,-122.288612,47.58547,"(47.58547, -122.288612)"
406,1121,Colman Playground,1740 23rd Ave S,98122,-122.301957,47.587625,"(47.587625, -122.301957)"
4034,1271,Columbia Park,4721 Rainier Ave S,98118,-122.287394,47.559792,"(47.559792, -122.287394)"
308,1272,Commodore Park,3330 W Commodore Way,98107,-122.40014,47.66538,"(47.66538, -122.40014)"
4017,1275,Corliss Place,2166 N 50th St,98103,-122.330874,47.665198,"(47.665198, -122.330874)"
295,1276,Cormorant Cove,3701 Beach Dr SW,98116,-122.412089,47.570984,"(47.570984, -122.412089)"
4462,1277,Cottage Grove Park,5206 26th Ave SW,98106,-122.365311,47.554364,"(47.554364, -122.365311)"
4438,1084,Counterbalance Park: An Urban Oasis,700 Queen Anne Ave N,98109,-122.356323,47.625683,"(47.625683, -122.356323)"
483,1279,Cowen Park,5849 15th Ave NE,98105,-122.313072,47.672596,"(47.672596, -122.313072)"
4018,1280,Crescent Place,7515 Orin Ct N,98103,-122.333029,47.684317,"(47.684317, -122.333029)"
4070,1281,Crown Hill Glen,8735 19th Ave NW,98117,-122.381394,47.693703,"(47.693703, -122.381394)"
4469,1282,Crown Hill Park,9089 Holman Rd NW,98117,-122.373976,47.696071,"(47.696071, -122.373976)"
4400,1285,Daejeon Park,1144 Sturgus Ave S,98144,-122.312163,47.59192,"(47.59192, -122.312163)"
499,1819,Dahl Playfield,7700 25th Ave NE,98115,-122.299309,47.685267,"(47.685267, -122.299309)"
575,1287,Dakota Place Park,4304 SW Dakota St,98116,-122.387164,47.566844,"(47.566844, -122.387164)"
331,1289,David Rodgers Park,2800 1st Ave W,98119,-122.359484,47.644135,"(47.644135, -122.359484)"
4082,2505,Day Street Boat Ramp,1402 Lakeside Ave S,98144,-122.285154,47.59026,"(47.59026, -122.285154)"
408,1291,Dearborn Park,2919 S Brandon St,98126,-122.296225,47.553389,"(47.553389, -122.296225)"
450,1124,Delridge Playfield,4458 Delridge Way SW,98106,-122.364371,47.562842,"(47.562842, -122.364371)"
3980,1298,Denny Blaine Lake Park,100 Maiden Ln E,98112,-122.284838,47.61833,"(47.61833, -122.284838)"
3982,1300,Denny Blaine Park,200 Lake Washington Blvd E,98112,-122.280548,47.62011,"(47.62011, -122.280548)"
309,1297,Denny Park,100 Dexter Ave N,98109,-122.341049,47.61913,"(47.61913, -122.341049)"
310,1301,Discovery Park,3801 Discovery Park Blvd,98199,-122.415282,47.66083,"(47.66083, -122.415282)"
3917,1085,Don Armeni Park,1222 Harbor Ave SW,98116,-122.382295,47.59274,"(47.59274, -122.382295)"
395,2496,Dr. Blanche Lavizzo Park,2100 S Jackson St,98144,-122.304179,47.600278,"(47.600278, -122.304179)"
433,2490,Dr. Jose Rizal Park,1007 12th Ave S,98144,-122.318094,47.593859,"(47.593859, -122.318094)"
705,1304,Duwamish Waterway Park,7900 10th Ave S,98106,-122.319694,47.531156,"(47.531156, -122.319694)"
458,2534,E.C. Hughes Playground,2805 SW Holden St,98126,-122.369545,47.532805,"(47.532805, -122.369545)"
374,1305,East Montlake Park,2802 E Park Drive East,98112,-122.301441,47.646662,"(47.646662, -122.301441)"
4241,2507,East Portal Viewpoint,1400 Lake Washington Blvd S,98144,-122.287893,47.590222,"(47.590222, -122.287893)"
329,2535,East Queen Anne Playground,1912 Warren Ave N,98109,-122.353786,47.636139,"(47.636139, -122.353786)"
3977,0,Eastlake Triangle,10th Ave E & E Prospect St,98109,-122.328918,47.62841,"(47.62841, -122.328918)"
4012,1308,Eastmont Place,2201 Westmont Way W,98199,-122.405566,47.637689,"(47.637689, -122.405566)"
1000003,0,Eddie Vine Boat Ramp,8001 Seaview Ave NW,98117,-122.403454,47.686852,"(47.686852, -122.403454)"
318,1311,Ella Bailey Park,2601 W Smith St,98199,-122.39106,47.640584,"(47.640584, -122.39106)"
3920,1086,Emma Schmitz Memorial Overlook,4503 Beach Dr SW,98116,-122.40712,47.562898,"(47.562898, -122.40712)"
1653,1314,Endolyne Park,9827 49th Ave SW,98116,-122.39438,47.514542,"(47.514542, -122.39438)"
4454,1316,Ercolini Park,4542 48th Ave SW,98116,-122.394275,47.515021,"(47.515021, -122.394275)"
452,1127,Fairmount Playfield,5400 Fauntleroy Way SW,98136,-122.380549,47.554041,"(47.554041, -122.380549)"
2975,1323,Fairview Park,2900 Fairview Ave E,98102,-122.325368,47.647413,"(47.647413, -122.325368)"
4155,1461,Fairview Walkway,1251 Fairview Ave. N,98109,-122.328967,47.630501,"(47.630501, -122.328967)"
3149,1324,Fauntleroy Creek Ravine,9102 Fauntleroy Way SW,98136,-122.392498,47.522599,"(47.522599, -122.392498)"
453,1325,Fauntleroy Park,3951 SW Barton St,98136,-122.383222,47.5192,"(47.5192, -122.383222)"
3921,1326,Fauntleroy Place,4501 Fauntleroy Way SW,98126,-122.379834,47.562715,"(47.562715, -122.379834)"
413,2498,Ferdinand Street Boat Ramp,5018 Lake Washington Blvd S,98118,-122.264912,47.561358,"(47.561358, -122.264912)"
351,1331,Firehouse Mini Park,712 18th Ave,98122,-122.308558,47.608448,"(47.608448, -122.308558)"
3910,1332,First Hill Park,1201 University St,98101,-122.325512,47.611906,"(47.611906, -122.325512)"
3948,1333,Fletcher Place,9285 Waters Ave S,98118,-122.261484,47.519093,"(47.519093, -122.261484)"
363,1334,Flo Ware Park,2800 S Jackson St,98144,-122.295868,47.599557,"(47.599557, -122.295868)"
312,2390,Freeway Park - Jim Ellis Freeway Park,700 Seneca St,98101,-122.330904,47.609472,"(47.609472, -122.330904)"
4011,1341,Fremont Canal Park,199 N Canal St,98103,-122.357864,47.651802,"(47.651802, -122.357864)"
4424,1343,Fremont Peak Park,4357 Palatine Ave N,98103,-122.356671,47.661108,"(47.661108, -122.356671)"
392,1345,Frink Park,398 Lake Washington Blvd S,98144,-122.290256,47.599506,"(47.599506, -122.290256)"
287,1128,Froula Playground,7200 12th Ave NE,98115,-122.313978,47.680538,"(47.680538, -122.313978)"
353,1130,Garfield Playfield,537 25th Ave,98122,-122.301412,47.607098,"(47.607098, -122.301412)"
293,1349,Gas Works Park,2101 N Northlake Way,98103,-122.334906,47.645639,"(47.645639, -122.334906)"
409,1786,Genesee Park and Playfield,4316 S Genesee St,98118,-122.278744,47.564856,"(47.564856, -122.278744)"
410,2094,Georgetown Playfield,750 S Homer St,98108,-122.321396,47.55162,"(47.55162, -122.321396)"
3759,1359,Gerber Park,575 M L King Jr Way S,98122,-122.296568,47.607709,"(47.607709, -122.296568)"
242,1134,Gilman Playground,923 NW 54th St,98107,-122.369684,47.667292,"(47.667292, -122.369684)"
243,1361,Golden Gardens Park,8498 Seaview Pl NW,98117,-122.403454,47.686852,"(47.686852, -122.403454)"
354,1346,Grand Army of the Republic Cemetery,1200 E Howe St,98102,-122.316261,47.636461,"(47.636461, -122.316261)"
307,1366,Green Lake Park,7201 E Greenlake Dr N,98115,-122.330394,47.678938,"(47.678938, -122.330394)"
4408,1369,Greenwood Park,602 N 87th St,98117,-122.350647,47.693048,"(47.693048, -122.350647)"
245,1371,Greenwood Triangle,304 NW 55th St,98107,-122.361032,47.668902,"(47.668902, -122.361032)"
4157,1372,Greg Davis Park,2600 SW Brandon St,98106,-122.366001,47.55437,"(47.55437, -122.366001)"
454,1375,Hamilton Viewpoint Park,1120 California Ave SW,98116,-122.38907,47.590748,"(47.590748, -122.38907)"
355,0,Harborview Park,779 Alder St,98104,-122.323693,47.603014,"(47.603014, -122.323693)"
356,1377,Harrison Ridge Greenbelt,138 32nd Ave E,98112,-122.290339,47.619711,"(47.619711, -122.290339)"
3695,1378,Harvard-Miller/Roanoke Annex,2351 Broadway E,98102,-122.321643,47.641091,"(47.641091, -122.321643)"
4412,1381,Herring's House Park (T'ul'altx),4570 West Marginal Way SW,98106,-122.349545,47.561514,"(47.561514, -122.349545)"
456,1788,Hiawatha Playfield,2700 California Ave SW,98116,-122.384965,47.578272,"(47.578272, -122.384965)"
3983,1383,Highland Drive Parkway,165 Highland Dr,98109,-122.353337,47.629736,"(47.629736, -122.353337)"
457,1137,Highland Park Playground,1100 SW Cloverdale St,98106,-122.349034,47.52738,"(47.52738, -122.349034)"
3979,1384,Highland Place,93 Highland Dr,98109,-122.355466,47.629656,"(47.629656, -122.355466)"
358,1093,Hing Hay Park,423 Maynard Ave S,98104,-122.325435,47.598609,"(47.598609, -122.325435)"
4413,1389,Hitt's Hill Park,5234 37th Ave S,98118,-122.28455,47.554207,"(47.554207, -122.28455)"
4426,1392,Homer Harris Park,2401 E Howell St,98122,-122.300994,47.617309,"(47.617309, -122.300994)"
43,1394,Horiuchi Park,156 Boren Ave,98122,-122.318982,47.603132,"(47.603132, -122.318982)"
3927,1396,Horton Hill Corridor,3298 36th Ave S,98144,-122.287187,47.573846,"(47.573846, -122.287187)"
359,1397,Howell Park,1740 Howell Pl,98122,-122.280313,47.617518,"(47.617518, -122.280313)"
4456,1398,Hubbard Homestead,11203 5th Ave NE,98125,-122.324674,47.709964,"(47.709964, -122.324674)"
4032,2391,Hunter Boulevard,3299 Hunter Blvd S,98144,-122.285153,47.573877,"(47.573877, -122.285153)"
439,1089,Hutchinson Playground,59th Ave S & S Norfolk St,98118,-122.260062,47.514312,"(47.514312, -122.260062)"
3905,1399,Hyde Place,3811 E Madison St,98112,-122.282887,47.632304,"(47.632304, -122.282887)"
4446,1400,I-5 Colonnade,1701 Lakeview Blvd E,98102,-122.323409,47.634898,"(47.634898, -122.323409)"
3887,1821,Interbay Athletic Complex,3027 17th Ave W,98119,-122.379191,47.647239,"(47.647239, -122.379191)"
313,1407,Interbay Golf,2501 15th Ave W,98119,-122.378455,47.643753,"(47.643753, -122.378455)"
3023,1412,Interlaken Park,2451 Delmar Dr E,98102,-122.308316,47.636257,"(47.636257, -122.308316)"
364,1413,International Children's Park,700 S Lane St,98104,-122.323412,47.596897,"(47.596897, -122.323412)"
4001,1095,Inverness Ravine Park,8619 45th Ave NE,98115,-122.280809,47.691145,"(47.691145, -122.280809)"
327,1790,Jackson Park Golf Course,1100 NE 135th St,98125,-122.319103,47.729254,"(47.729254, -122.319103)"
1000393,0,Japanese Garden,1075 Lake Washington Blvd E,98112,-122.2952,47.627312,"(47.627312, -122.2952)"
114,1434,Jefferson Park,3801 Beacon Ave S,98108,-122.311441,47.568067,"(47.568067, -122.311441)"
4153,1791,Jefferson Park Golf Course,4101 Beacon Ave S,98108,-122.305242,47.567202,"(47.567202, -122.305242)"
3121,1437,Jimi Hendrix Park,2400 S Massachusetts St,98144,-122.300842,47.588907,"(47.588907, -122.300842)"
429,2560,"John C. Little, Sr. Park",6961 37th Ave S,98118,-122.286686,47.539048,"(47.539048, -122.286686)"
4244,2491,Judge Charles M. Stokes Overlook,20th Ave S & S Judkins St,98144,-122.306962,47.591632,"(47.591632, -122.306962)"
397,1097,Judkins Park and Playfield,2150 S Norman St,98144,-122.303951,47.592425,"(47.592425, -122.303951)"
4455,1439,Junction Plaza,42nd Ave SW & SW Alaska St,98116,-122.385491,47.561204,"(47.561204, -122.385491)"
3122,1098,Katie Black's Garden,1150 S Atlantic St,98144,-122.317642,47.590421,"(47.590421, -122.317642)"
342,2374,Kerry Park,211 W Highland Dr,98119,-122.359874,47.629023,"(47.629023, -122.359874)"
3880,1440,Keystone Place,5664 Keystone Pl N,98103,-122.333769,47.670304,"(47.670304, -122.333769)"
459,1441,Kilbourne Park,9131 California Ave SW,98136,-122.388277,47.52133,"(47.52133, -122.388277)"
4480,1099,Kingfisher Natural Area on Thornton Creek,15th Ave NE & NE 105th St,98125,-122.312411,47.704889,"(47.704889, -122.312411)"
314,1442,Kinnear Park,899 W Olympic Pl,98119,-122.367207,47.627317,"(47.627317, -122.367207)"
4468,1444,Kirke Park,7028 9th Ave NW,98117,-122.368021,47.680338,"(47.680338, -122.368021)"
246,1100,Kiwanis Memorial Preserve Park,4441 Brygger Dr W,98199,-122.401004,47.66197,"(47.66197, -122.401004)"
4429,1448,Kiwanis Memorial Preserve Park,4531 33rd Ave W,98199,-122.403237,47.660251,"(47.660251, -122.403237)"
3915,1449,Kobe Terrace,650 Main St,98104,-122.324494,47.60042,"(47.60042, -122.324494)"
415,1450,Kubota Garden,9817 55th Ave S,98118,-122.266125,47.513543,"(47.513543, -122.266125)"
333,1457,Lake City Memorial Triangle,12356 Lake City Way NE,98125,-122.295266,47.718819,"(47.718819, -122.295266)"
487,1458,Lake City Mini Park,12359 Lake City Way NE,98125,-122.295875,47.71911,"(47.71911, -122.295875)"
4439,1459,Lake People Park (Xacua'bs),3100 S Bradford st,98108,-122.292012,47.569133,"(47.569133, -122.292012)"
344,1460,Lake Union Park,860 Terry Ave N,98109,-122.338848,47.627015,"(47.627015, -122.338848)"
411,1462,Lakeridge Park,10201 Holyoke Way S,98178,-122.247429,47.506033,"(47.506033, -122.247429)"
3972,1140,Lakeridge Playfield,10145 Rainier Ave S,98178,-122.246841,47.510319,"(47.510319, -122.246841)"
365,1463,Lakeview Park,340 37th Ave E,98112,-122.284732,47.62205,"(47.62205, -122.284732)"
366,1464,Lakeview Place,1042 Lakeview Blvd E,98102,-122.325705,47.62939,"(47.62939, -122.325705)"
4040,1465,Lakewood Moorage,4400 Lake Washington Blvd S,98118,-122.268295,47.562981,"(47.562981, -122.268295)"
414,2167,Lakewood Playfield,5013 S Angeline St,98118,-122.27006,47.558831,"(47.558831, -122.27006)"
4024,1466,Lakewood Triangle,3114 Cascadia Ave S,98144,-122.28372,47.576058,"(47.576058, -122.28372)"
3096,0,Lambert Place,3800 E Madison St,98112,-122.283837,47.632017,"(47.632017, -122.283837)"
3929,1468,Landing Parkway,4099 S Horton St,98144,-122.283396,47.573861,"(47.573861, -122.283396)"
340,1142,Laurelhurst Playfield,4544 NE 41st St,98105,-122.278019,47.65989,"(47.65989, -122.278019)"
4162,1053,Laurelhurst Triangle,3325 East Laurelhurst Dr NE,98105,-122.277487,47.652696,"(47.652696, -122.277487)"
4482,1102,LaVilla Meadows Natural Area on Thornton Creek,Ravenna Ave NE & NE 100th St,98115,-122.299926,47.701262,"(47.701262, -122.299926)"
316,1054,Lawton Park,4005 27th Ave W,98199,-122.391158,47.655065,"(47.655065, -122.391158)"
367,1057,Leschi Park,201 Lakeside Ave. S,98122,-122.286548,47.600931,"(47.600931, -122.286548)"
263,1808,Leschi-Lake Dell Natural Area,3525 E Terrace St,98122,-122.287835,47.604695,"(47.604695, -122.287835)"
4076,1058,Lewis Park,1120 15th Ave S,98144,-122.314435,47.592857,"(47.592857, -122.314435)"
4479,1103,Licorice Fern Natural Area on Thornton Creek,12th Ave NE & NE 130th St,98115,-122.315433,47.723106,"(47.723106, -122.315433)"
286,1059,Licton Springs Park,9536 Ashworth Ave N,98103,-122.338735,47.698542,"(47.698542, -122.338735)"
460,1060,Lincoln Park,8011 Fauntleroy Way SW,98136,-122.396012,47.531176,"(47.531176, -122.396012)"
4419,1061,Linden Orchard Park,Linden Ave N & N 67th St,98103,-122.347727,47.678016,"(47.678016, -122.347727)"
297,1064,Little Brook Park,14043 32nd Ave NE,98125,-122.294567,47.731387,"(47.731387, -122.294567)"
301,1809,Llandover Woods Greenspace,14499 3rd Ave NW,98177,-122.364545,47.733024,"(47.733024, -122.364545)"
264,2437,Longfellow Creek Greenspace,Delridge Way SW & SW Graham St,98106,-122.363435,47.530167,"(47.530167, -122.363435)"
362,1066,Louisa Boren Park,1606 15th Ave E,98112,-122.311628,47.635274,"(47.635274, -122.311628)"
461,1067,Lowman Beach Park,7017 Beach Dr SW,98136,-122.396728,47.540367,"(47.540367, -122.396728)"
289,1146,Loyal Heights Playfield,2101 NW 77th St,98117,-122.38324,47.684106,"(47.684106, -122.38324)"
4075,2494,Lynn Street Mini Park,2291 Fairview Ave E,98102,-122.32975,47.639849,"(47.639849, -122.32975)"
4422,1069,MacLean Park,1922 Taylor Ave N,98109,-122.345276,47.636191,"(47.636191, -122.345276)"
369,1071,Madison Park,4201 E Madison St,98112,-122.276602,47.635779,"(47.635779, -122.276602)"
4441,2509,Madison Park North Beach,2300 43rd Ave E,98112,-122.276118,47.639084,"(47.639084, -122.276118)"
4005,1471,Madrona Briar Patch,1605 Madrona Dr,98122,-122.284261,47.615231,"(47.615231, -122.284261)"
370,1473,Madrona Park,853 Lake Washington Blvd,98122,-122.282679,47.609299,"(47.609299, -122.282679)"
371,1147,Madrona Playground,3211 E Spring St,98122,-122.289885,47.611022,"(47.611022, -122.289885)"
2856,1474,Madrona Ravine,3799 E Spring St,98122,-122.285412,47.611456,"(47.611456, -122.285412)"
492,1476,Magnolia Greenbelt,W Howe St & Dartmouth Ave W,98199,-122.389073,47.636006,"(47.636006, -122.389073)"
747,1477,Magnolia Manor Park,3500 28th Ave W,98119,-122.390877,47.651085,"(47.651085, -122.390877)"
317,1478,Magnolia Park,1461 Magnolia Blvd W,98199,-122.398993,47.632366,"(47.632366, -122.398993)"
319,2564,Magnolia Playfield,2518 34th Ave W,98199,-122.399472,47.643746,"(47.643746, -122.399472)"
2970,0,Magnolia Tidelands Park,W Ruffner to Elliott Bay Marina,98144,-122.391648,47.630922,"(47.630922, -122.391648)"
111110,0,Magnuson Park,7400 Sand Point Way NE,98115,-122.255084,47.680304,"(47.680304, -122.255084)"
4434,1522,Maple Leaf Community Garden,529 NE 103rd St,98125,-122.322269,47.70326,"(47.70326, -122.322269)"
3881,1105,Maple Leaf Resevoir Park,1020 NE 82nd St,98115,-122.315613,47.689015,"(47.689015, -122.315613)"
1630,1523,Maple School Ravine,1950 S Graham St,98108,-122.308342,47.551071,"(47.551071, -122.308342)"
418,1106,Maple Wood Playfield,4801 Corson Ave S,98108,-122.318845,47.560041,"(47.560041, -122.318845)"
4447,1524,Marra-Desimone Park,9026 4th Ave S,98108,-122.329372,47.522124,"(47.522124, -122.329372)"
320,1525,Marshall Park,1191 7th Ave W,98119,-122.366805,47.629436,"(47.629436, -122.366805)"
432,1527,Martha Washington Park,6612 57th Ave S,98115,-122.260054,47.542398,"(47.542398, -122.260054)"
3923,2615,"Martin Luther King, Jr. Memorial",2200 Martin Luther King Jr  Way S,98144,-122.297165,47.582756,"(47.582756, -122.297165)"
298,1880,Marvin's Garden,5400 Ballard Ave NW,98107,-122.384972,47.667976,"(47.667976, -122.384972)"
347,1529,Matthews Beach Park,5100 NE 93rd St,98115,-122.271785,47.694564,"(47.694564, -122.271785)"
321,1530,Mayfair Park,2600 2nd Ave N,98109,-122.353356,47.643241,"(47.643241, -122.353356)"
3918,0,McClellan Place,S McClellan St & Beacon Ave S,98144,-122.311648,47.578695,"(47.578695, -122.311648)"
4013,2395,McGilvra Boulevard,1099 McGilvra Blvd E,98112,-122.282116,47.626925,"(47.626925, -122.282116)"
4008,1535,McGilvra Place,1425 E Madison St,98122,-122.313032,47.614233,"(47.614233, -122.313032)"
339,1536,McGraw Square,Westlake Ave N & Stewart St,98101,-122.337587,47.61299,"(47.61299, -122.337587)"
352,1107,Meadowbrook Playfield,10533 35th Ave NE,98125,-122.293493,47.705771,"(47.705771, -122.293493)"
268,2590,Me-Kwa-Mooks Natural Area,4100 Aikins Ave SW,98116,-122.403424,47.563782,"(47.563782, -122.403424)"
473,1539,Me-Kwa-Mooks Park,4503 Beach Dr SW,98116,-122.404006,47.563167,"(47.563167, -122.404006)"
1104,1149,Meridian Playground,4649 Sunnyside Ave N,98103,-122.332557,47.664159,"(47.664159, -122.332557)"
373,1150,Miller Playfield,330 19th Ave E,98112,-122.306261,47.621433,"(47.621433, -122.306261)"
4015,1541,Miller Triangle,222 20th Ave E,98112,-122.305711,47.620311,"(47.620311, -122.305711)"
291,1542,Mineral Springs Park,1500 N 105th St,98133,-122.336528,47.705755,"(47.705755, -122.336528)"
277,1543,Mock Creek Ravine,9612 35th Ave NE,98115,-122.28962,47.699037,"(47.699037, -122.28962)"
4021,2536,Montlake Boulevard,2811 Montlake Blvd E,98112,-122.30474,47.645971,"(47.645971, -122.30474)"
376,2536,Montlake Playfield,1618 E Calhoun St,98112,-122.310081,47.642407,"(47.642407, -122.310081)"
4460,1545,Morgan Junction,6413 California Ave SW,98136,-122.387528,47.545507,"(47.545507, -122.387528)"
419,2537,Mt. Baker Park,2521 Lake Park Dr S,98144,-122.288481,47.580957,"(47.580957, -122.288481)"
4427,2399,Mt. Baker Ridge Viewpoint,1403 31st Ave S,98144,-122.292616,47.589983,"(47.589983, -122.292616)"
4019,2595,Mt. Claire Park,2523 Mount Claire Dr S,98144,-122.28642,47.580737,"(47.580737, -122.28642)"
311,1547,Myrtle Edwards Park,3130 Alaskan Way,98121,-122.36087,47.618767,"(47.618767, -122.36087)"
4463,1548,Myrtle Reservoir,35th Ave SW & SW Myrtle St,98126,-122.376716,47.539206,"(47.539206, -122.376716)"
3916,1551,Nantes Park,5062 SW Admiral Way,98116,-122.397063,47.579565,"(47.579565, -122.397063)"
4023,1155,Nathan Hale Playfield,10750 30th Ave NE,98125,-122.292028,47.707715,"(47.707715, -122.292028)"
3975,2596,NE 60th Street Park,551 NE 60th St,98115,-122.322634,47.671728,"(47.671728, -122.322634)"
4403,1557,Nora's Woods,720 29th Ave,98122,-122.294573,47.608732,"(47.608732, -122.294573)"
247,247,North Beach Park,8999 24th Ave NW,98117,-122.390258,47.69471,"(47.69471, -122.390258)"
2956,2487,North Passage Point Park,600 NE Northlake Way,98105,-122.322428,47.653963,"(47.653963, -122.322428)"
361,361,Northacres Park,12718 1st Ave NE,98125,-122.326124,47.721775,"(47.721775, -122.326124)"
279,2618,Northeast Queen Anne Greenbelt,Dexter Way N & Lynn St & Wheeler,98109,-122.345011,47.635866,"(47.635866, -122.345011)"
4445,1562,Northgate Park,10510 5th Ave NE,98125,-122.322424,47.705194,"(47.705194, -122.322424)"
4452,1563,Northlake Park,699 NE Northlake Way,98105,-122.320826,47.654365,"(47.654365, -122.320826)"
4161,2599,Northwest 60th St. Viewpoint,6001 Seaview Ave NW,98107,-122.40656,47.672184,"(47.672184, -122.40656)"
322,1926,Observatory Courts,1405 Warren Ave N,98109,-122.355134,47.631342,"(47.631342, -122.355134)"
323,1927,Occidental Square,117 S Washington St,98104,-122.333272,47.600463,"(47.600463, -122.333272)"
4414,1929,Olympic Sculpture Park,2901 Western Ave,98121,-122.35418,47.616577,"(47.616577, -122.35418)"
3005,1930,Open Water Park,2351 W Marina Pl,98199,-122.386693,47.629555,"(47.629555, -122.386693)"
300,2403,Orchard Street Ravine,39th Ave SW & SW Orchard St,98136,-122.380151,47.538315,"(47.538315, -122.380151)"
403,1933,Othello Playground,4351 S Othello St,98118,-122.278105,47.536214,"(47.536214, -122.278105)"
4416,1934,Oxbow Park,6430 Corson Ave S,98108,-122.321583,47.54499,"(47.54499, -122.321583)"
4027,1937,Park Home Circle,5622 Park Rd NE,98105,-122.305464,47.67005,"(47.67005, -122.305464)"
4009,1938,Parkmont Place,2401 West Viewmont Way W,98199,-122.410083,47.640142,"(47.640142, -122.410083)"
324,2415,Parsons Gardens,650 W Highland Dr,98119,-122.366082,47.629868,"(47.629868, -122.366082)"
4029,1940,Peace Park,"NE 40th St & NE Pacific St, Seattle",98105,-122.323616,47.65543,"(47.65543, -122.323616)"
237,1810,Pelly Place Natural Area,6762 Murray Ave SW,98136,-122.39309,47.541492,"(47.541492, -122.39309)"
378,2239,Peppi's Playground,3233 E Spruce St,98122,-122.290602,47.602723,"(47.602723, -122.290602)"
274,1943,Piers 62 and 63,1951 Alaskan Way,98101,-122.345237,47.608656,"(47.608656, -122.345237)"
282,1945,Pigeon Point Park,4418 21st Ave SW,98106,-122.356966,47.563271,"(47.563271, -122.356966)"
382,1157,Pinehurst Playground,12029 14th Ave NE,98125,-122.314628,47.716436,"(47.716436, -122.314628)"
4444,1947,Pinehurst Pocket Park,11700 19th Ave NE,98125,-122.308222,47.714186,"(47.714186, -122.308222)"
325,1949,Pioneer Square,100 Yesler Way,98104,-122.333886,47.602076,"(47.602076, -122.333886)"
275,2242,Pipers Creek Natural Area,600 NW 117th St,98133,-122.364699,47.714678,"(47.714678, -122.364699)"
387,1951,Plum Tree Park,1717 26th Ave,98122,-122.299142,47.617053,"(47.617053, -122.299142)"
4000,1952,Plymouth Pillars Park,1050 Pike St,98101,-122.329092,47.614124,"(47.614124, -122.329092)"
345,1953,Powell Barnett Park,352 Martin Luther King Jr Way,98112,-122.295998,47.605197,"(47.605197, -122.295998)"
390,2404,Pratt Park,1800 S Main St,98144,-122.307257,47.601407,"(47.601407, -122.307257)"
326,1956,Prefontaine Place,425 3rd Ave,98104,-122.330883,47.601844,"(47.601844, -122.330883)"
357,2438,Prentis I. Frazier Park,401 24th Ave E,98112,-122.301614,47.622895,"(47.622895, -122.301614)"
420,1957,Pritchard Island Beach,8400 55th Ave S,98118,-122.26283,47.528948,"(47.528948, -122.26283)"
4158,2405,Puget Boulevard Commons,5200 26th Ave SW,98106,-122.365575,47.555356,"(47.555356, -122.365575)"
3993,2247,Puget Creek Greenspace,1901 SW Brandon St,98106,-122.358556,47.55187,"(47.55187, -122.358556)"
462,1961,Puget Park,4767 Puget Way SW,98106,-122.356922,47.558473,"(47.558473, -122.356922)"
4201,1039,Puget Ridge Playground,6029 21st Ave SW,98106,-122.359947,47.547368,"(47.547368, -122.359947)"
3984,1040,Queen Anne Bowl Playfield,2806 3rd Ave W,98119,-122.359711,47.645599,"(47.645599, -122.359711)"
4045,1565,Rainbow Point,631 NE Banner Pl,98115,-122.320476,47.682713,"(47.682713, -122.320476)"
422,1160,Rainier Beach Playfield,8802 Rainier Ave S,98118,-122.273136,47.525041,"(47.525041, -122.273136)"
3999,1568,Rainier Place,230 NW 53rd St,98107,-122.359434,47.667567,"(47.667567, -122.359434)"
423,1162,Rainier Playfield,3700 S Alaska St,98118,-122.2862,47.561817,"(47.561817, -122.2862)"
391,1570,Ravenna Park,5520 Ravenna Ave NE,98105,-122.305705,47.671404,"(47.671404, -122.305705)"
4080,1572,Ravenna Park Triangle,Ravenna Ave NE & NE 54th St,98105,-122.30367,47.668089,"(47.668089, -122.30367)"
254,1571,Ravenna Ravine,6215 24th Ave NE,98115,-122.301707,47.674823,"(47.674823, -122.301707)"
4411,1574,Ravenna Woods,4633 Ravenna Ave NE,98105,-122.303161,47.662559,"(47.662559, -122.303161)"
488,1576,Ravenna-Eckstein Park,6535 Ravenna Ave NE,98115,-122.304964,47.676873,"(47.676873, -122.304964)"
336,1588,Regrade Park,2251 3rd Ave,98121,-122.344776,47.614346,"(47.614346, -122.344776)"
463,2269,Riverview Playfield,7226 12th Ave SW,98106,-122.348688,47.54101,"(47.54101, -122.348688)"
379,1591,Roanoke Park,950 E Roanoke St,98102,-122.320185,47.643723,"(47.643723, -122.320185)"
9064,0,Roanoke St. Mini Park,1 E Roanoke St,98102,-122.329327,47.643193,"(47.643193, -122.329327)"
380,1165,Rogers Playground,2516 Eastlake Ave E,98102,-122.325257,47.642601,"(47.642601, -122.325257)"
248,1812,Ross Playground,4320 4th Ave NW,98107,-122.361347,47.659718,"(47.659718, -122.361347)"
4465,1594,Rotary Viewpoint,4622 35th Ave SW,98126,-122.375859,47.560222,"(47.560222, -122.375859)"
464,1595,Roxhill Park,2850 SW Roxbury St,98126,-122.368881,47.519496,"(47.519496, -122.368881)"
394,1168,Sacajawea Playground,1726 NE 94th St,98115,-122.308132,47.697132,"(47.697132, -122.308132)"
249,1599,Salmon Bay Park,2001 NW Canoe Pl,98117,-122.381343,47.679297,"(47.679297, -122.381343)"
4242,1600,Sam Smith Park,1400 Martin Luther King Jr Way S,98122,-122.297814,47.589982,"(47.589982, -122.297814)"
250,2493,Sandel Playground,9053 1st Ave NW,98117,-122.358701,47.695134,"(47.695134, -122.358701)"
4236,2539,Schmitz Boulevard,5717 SW Stevens St,98116,-122.405592,47.577899,"(47.577899, -122.405592)"
465,1603,Schmitz Preserve Park,5551 SW Admiral Way,98116,-122.400425,47.574375,"(47.574375, -122.400425)"
455,1605,Seacrest Park,1660 Harbor Ave SW,98126,-122.381226,47.589941,"(47.589941, -122.381226)"
335,2384,Seattle Aquarium,1483 Alaskan Way,98101,-122.342836,47.607411,"(47.607411, -122.342836)"
466,1609,Seola Park,11399 Seola Beach Dr SW,98146,-122.374332,47.50039,"(47.50039, -122.374332)"
4466,1610,Seven Hills Park,1514 E Howell St,98122,-122.312534,47.617684,"(47.617684, -122.312534)"
428,1611,Seward Park,5900 Lake Washington Blvd S,98118,-122.250639,47.54923,"(47.54923, -122.250639)"
3928,1616,Sierra Place,3300 Sierra Dr S,98144,-122.282492,47.573282,"(47.573282, -122.282492)"
4433,1617,Smith Cove,23rd Ave West,98199,-122.387679,47.632602,"(47.632602, -122.387679)"
4453,1619,Solstice Park,7400 Fauntleroy Way SW,98136,-122.390347,47.536414,"(47.536414, -122.390347)"
251,1175,Soundview Playfield,1590 NW 90th St,98117,-122.378878,47.695416,"(47.695416, -122.378878)"
3987,1738,Soundview Terrace,2500 11th Ave W,98119,-122.37141,47.640849,"(47.640849, -122.37141)"
4048,1624,South Park Meadow,9141 8th Ave S,98108,-122.323649,47.520795,"(47.520795, -122.323649)"
467,1177,South Park Playground,738 S Sullivan St,98108,-122.324159,47.528016,"(47.528016, -122.324159)"
377,2431,South Passage Point Park,3320 Fuhrman Ave E,98102,-122.322486,47.652087,"(47.652087, -122.322486)"
381,2523,Spring Street Mini Park,1506 E Spring St,98122,-122.3124,47.611801,"(47.611801, -122.3124)"
3117,2524,Spruce Street Mini Park,160 21st Ave,98122,-122.304648,47.603091,"(47.603091, -122.304648)"
2848,2848,St. Mark's Greenbelt,1500 Lakeview Blvd E,98102,-122.322174,47.63115,"(47.63115, -122.322174)"
425,1844,Stan Sayres Memorial Park,3808 Lake Washington Blvd S,98118,-122.277162,47.571222,"(47.571222, -122.277162)"
3919,1630,Stevens Place,2919 Beacon Ave S,98144,-122.310563,47.577122,"(47.577122, -122.310563)"
3981,1631,Stevens Triangle,3809 E John St,98112,-122.283592,47.619443,"(47.619443, -122.283592)"
592,1633,Sturgus Park,904 Sturgus Ave S,98144,-122.314376,47.59409,"(47.59409, -122.314376)"
290,1633,Sturtevant Ravine,9335 Sturtevant Ave S,98118,-122.268561,47.51783,"(47.51783, -122.268561)"
383,1635,Summit Place,Belmont Ave E & Bellevue Pl E,98102,-122.325708,47.627081,"(47.627081, -122.325708)"
4461,1636,Summit Slope Park,200 Summit Ave E,98102,-122.325298,47.619832,"(47.619832, -122.325298)"
3903,2500,Sunnyside Ave N Boat Ramp,2301 N Northlake Way,98103,-122.330723,47.650292,"(47.650292, -122.330723)"
252,1638,Sunset Hill Park,7531 34th Ave NW,98117,-122.400938,47.684034,"(47.684034, -122.400938)"
3901,1639,Sunset Place,105 NW 52nd St,98107,-122.357602,47.666686,"(47.666686, -122.357602)"
234,2416,SW Queen Anne Greenbelt,12th Ave W & W Howe St,98119,-122.373209,47.633353,"(47.633353, -122.373209)"
3913,2591,T.T. Minor Playground,1698 E Union St,98122,-122.310543,47.613111,"(47.613111, -122.310543)"
384,1076,Tashkent Park,511 Boylston Ave E,98102,-122.323444,47.62379,"(47.62379, -122.323444)"
3889,1643,Terry Pettus Park,2001 Fairview Ave E,98102,-122.329689,47.636742,"(47.636742, -122.329689)"
4014,1644,Thayer Place,10088 Waters Ave S,98178,-122.250038,47.510613,"(47.510613, -122.250038)"
1106,1756,Thomas C. Wales Park,2401 6th Ave N,98109,-122.344468,47.640523,"(47.640523, -122.344468)"
386,1044,Thomas St. Mini Park,306 Bellevue Ave E,98102,-122.326216,47.621036,"(47.621036, -122.326216)"
343,1648,Thorndyke Park,1818 Thorndyke Ave W,98199,-122.390161,47.635099,"(47.635099, -122.390161)"
416,0,Thornton Creek Park #1,13002 10th Ave NE,98125,-122.307629,47.707034,"(47.707034, -122.307629)"
4405,1649,Thyme Patch Park,2853 NW 58th St,98107,-122.395214,47.670709,"(47.670709, -122.395214)"
3909,1651,Tilikum Place,2701 5th Ave,98121,-122.347411,47.618382,"(47.618382, -122.347411)"
4421,1654,Trolley Hill Park,1800 Taylor Ave N,98109,-122.347039,47.635143,"(47.635143, -122.347039)"
4007,1658,Union Station Square,316 S Jackson St,98104,-122.330086,47.599362,"(47.599362, -122.330086)"
424,1659,University Circle,5801 University Circle NE,98105,-122.275181,47.67203,"(47.67203, -122.275181)"
3998,1662,University Lake Shore Place,4275 NE 125th St,98125,-122.28006,47.718937,"(47.718937, -122.28006)"
435,1180,University Playground,4745 9th Ave NE,98105,-122.319312,47.664447,"(47.664447, -122.319312)"
4451,1757,Ursula Judkins Viewpoint,2605 W Galer St,98199,-122.390232,47.632049,"(47.632049, -122.390232)"
431,1874,Van Asselt Playground,7050 Beacon Ave S,98108,-122.294068,47.539446,"(47.539446, -122.294068)"
338,1664,Victor Steinbrueck Park,2001 Western Ave,98121,-122.343869,47.610153,"(47.610153, -122.343869)"
4443,1666,Victory Creek Park,1059 NE Northgate Way,98125,-122.315554,47.709155,"(47.709155, -122.315554)"
438,1875,Victory Heights Playground,1737 NE 106th St,98125,-122.307834,47.705672,"(47.705672, -122.307834)"
444,1876,View Ridge Playfield,4408 NE 70th St,98115,-122.279969,47.679747,"(47.679747, -122.279969)"
3098,1667,Viretta Park,151 Lake Washington Blvd E,98112,-122.282003,47.61875,"(47.61875, -122.282003)"
4002,1668,Virgil Flaim Park,2700 NE 123rd St,98125,-122.299374,47.717955,"(47.717955, -122.299374)"
399,1669,Volunteer Park,1247 15th Ave E,98112,-122.315568,47.630378,"(47.630378, -122.315568)"
1000399,0,Volunteer Park Conservatory,1400 E Galer St,98112,-122.315708,47.632063,"(47.632063, -122.315708)"
449,2336,Wallingford Playfield,4219 Wallingford Ave N,98103,-122.337444,47.658544,"(47.658544, -122.337444)"
1000004,0,Wallingford Steps,1800 N Northlake Way,98103,-122.336152,47.647345,"(47.647345, -122.336152)"
3941,1748,Walt Hundley Playfield,6920 34th Ave SW,98126,-122.373415,47.54017,"(47.54017, -122.373415)"
763,1684,Ward Springs Park,4th Ave N & Ward St,98109,-122.349245,47.627747,"(47.627747, -122.349245)"
398,2394,Warren G. Magnuson Park,7400 Sand Point Way NE,98115,-122.255084,47.680304,"(47.680304, -122.255084)"
393,0,Washington Park Arboretum,2300 Arboretum Dr E,98112,-122.294835,47.636477,"(47.636477, -122.294835)"
1100393,393,Washington Park Playfield,1017 Lake Washington Blvd E,98112,-122.293925,47.627064,"(47.627064, -122.293925)"
4165,2499,Washington Street Public Boat Landing,199 Alaskan Way S,98104,-122.336045,47.601007,"(47.601007, -122.336045)"
3973,1689,Waterfront Park,1401 Alaskan Way,98101,-122.342196,47.606778,"(47.606778, -122.342196)"
4083,1692,Waterway 19,2119 N Northlake Way,98103,-122.332567,47.646349,"(47.646349, -122.332567)"
3966,1694,Weather Watch Park,4035 Beach Dr SW,98116,-122.409506,47.568247,"(47.568247, -122.409506)"
3894,1045,Webster Park,3025 NW 68th St,98117,-122.397851,47.677832,"(47.677832, -122.397851)"
3899,1695,Wedgwood Square,8126 31st Ave NE,98115,-122.294772,47.688151,"(47.688151, -122.294772)"
4401,2603,West Duwamish Greenbelt,W Marginal Way SW & Highland Park Way SW,98106,-122.356966,47.563271,"(47.563271, -122.356966)"
3694,2401,West Ewing Mini Park,244 W Ewing St,98119,-122.360602,47.65205,"(47.65205, -122.360602)"
375,2402,West Montlake Park,2815 W Park Dr E,98112,-122.30982,47.646219,"(47.646219, -122.30982)"
330,2561,West Queen Anne Playfield,150 W Blaine St,98119,-122.359504,47.635514,"(47.635514, -122.359504)"
469,2566,West Seattle Golf Course,4600 35th Ave SW,98126,-122.369657,47.55986,"(47.55986, -122.369657)"
472,2528,West Seattle Stadium,4432 35th Ave SW,98126,-122.374348,47.562826,"(47.562826, -122.374348)"
468,1701,Westcrest Park,9000 8th Ave SW,98106,-122.341719,47.525783,"(47.525783, -122.341719)"
494,1702,Westlake Greenbelt,Westlake Ave & Halladay St,98109,-122.34338,47.641586,"(47.641586, -122.34338)"
332,1703,Westlake Park,401 Pine St,98101,-122.33724,47.611099,"(47.611099, -122.33724)"
334,1705,Westlake Square,1900 Westlake Ave,98109,-122.337285,47.613627,"(47.613627, -122.337285)"
385,2530,William Grose Park,1814 30th Ave,98122,-122.29294,47.618021,"(47.618021, -122.29294)"
4016,1707,Williams Place,199 15th Ave E,98112,-122.313094,47.619809,"(47.619809, -122.313094)"
278,1814,Wolf Creek Ravine Natural Area,McGraw St between 2nd Ave N & Nobb Hill Ave N,98109,-122.352314,47.639775,"(47.639775, -122.352314)"
292,1815,Woodland Park,1000 N 50th St,98103,-122.344218,47.668906,"(47.668906, -122.344218)"
1000292,292,Woodland Park Rose Garden,750 N 50th St,98103,-122.35054,47.666499,"(47.666499, -122.35054)"
200,9909,Woodland Park Zoo,700 N 50th St,98103,-122.35043,47.666183,"(47.666183, -122.35043)"
4563,0,Yesler Playfield,835 Yesler Way,98104,-122.320083,47.601262,"(47.601262, -122.320083)"
580,1712,York Park,3650 Renton Ave S,98144,-122.295537,47.570461,"(47.570461, -122.295537)"
3926,1816,York Playground,3327 34th Ave S,98126,-122.290713,47.572695,"(47.572695, -122.290713)"
